popularity,release_date,revenue,runtime,title
875.581305,2015-06-17,1156730962,91.0,Minions
724.247784,2014-11-05,675120017,169.0,Interstellar
514.5699559999999,2016-02-09,783112979,108.0,Deadpool
481.09862400000003,2014-07-30,773328629,121.0,Guardians of the Galaxy
434.27856399999996,2015-05-13,378858340,120.0,Mad Max: Fury Road
418.708552,2015-06-09,1513528810,124.0,Jurassic World
271.972889,2003-07-09,655011224,143.0,Pirates of the Caribbean: The Curse of the Black Pearl
243.79174300000003,2014-06-26,710644566,130.0,Dawn of the Planet of the Apes
206.227151,2014-11-18,752100229,123.0,The Hunger Games: Mockingjay - Part 1
203.73459,2014-10-24,652105443,102.0,Big Hero 6
202.04263500000002,2015-06-23,440603537,126.0,Terminator Genisys
198.37239499999998,2016-04-27,1153304495,147.0,Captain America: Civil War
192.528841,2014-10-10,13092000,105.0,Whiplash
187.322927,2008-07-16,1004558444,152.0,The Dark Knight
167.93287,2015-09-30,630161890,141.0,The Martian
167.58371,2010-07-14,825532764,148.0,Inception
165.12536599999999,2013-11-27,1274219009,102.0,Frozen
155.790452,2016-03-23,873260194,151.0,Batman v Superman: Dawn of Justice
150.437577,2009-12-10,2787965087,162.0,Avatar
146.75739099999998,1999-10-15,100853753,139.0,Fight Club
145.84737900000002,2006-06-20,1065659812,151.0,Pirates of the Caribbean: Dead Man's Chest
145.364591,2014-11-14,233555708,113.0,The Imitation Game
144.448633,2012-04-25,1519557910,143.0,The Avengers
143.659698,1972-03-14,245066411,175.0,The Godfather
143.350376,2014-08-07,477200000,101.0,Teenage Mutant Ninja Turtles
143.041543,2014-10-01,369330363,145.0,Gone Girl
140.849495,2015-07-16,243637091,105.0,Pixels
139.575085,2014-10-15,211817906,135.0,Fury
139.272042,2016-05-18,543934787,144.0,X-Men: Apocalypse
139.082615,2007-05-19,961000000,169.0,Pirates of the Caribbean: At World's End
138.433168,2011-08-03,482860185,105.0,Rise of the Planet of the Apes
138.133331,1994-07-06,677945399,142.0,Forrest Gump
138.049577,2001-12-18,871368364,178.0,The Lord of the Rings: The Fellowship of the Ring
136.886704,2013-06-25,970761885,98.0,Despicable Me 2
136.747729,1994-09-23,28341469,142.0,The Shawshank Redemption
135.413856,2011-05-14,1045713802,136.0,Pirates of the Caribbean: On Stranger Tides
134.27922900000002,2015-04-22,1405403694,141.0,Avengers: Age of Ultron
132.397737,2002-11-13,876688482,161.0,Harry Potter and the Chamber of Secrets
131.815575,2014-09-10,348319861,113.0,The Maze Runner
130.311355,2015-05-19,209154322,130.0,Tomorrowland
128.65596399999998,2015-06-09,857611174,94.0,Inside Out
127.525581,1975-11-18,108981275,133.0,One Flew Over the Cuckoo's Nest
127.28442700000001,2015-11-18,653428261,137.0,The Hunger Games: Mockingjay - Part 2
127.084938,2008-11-20,392616625,122.0,Twilight
126.393695,1977-05-25,775398007,121.0,Star Wars
125.114374,2012-06-21,538983207,93.0,Brave
123.63033200000001,2003-12-01,1118888979,201.0,The Lord of the Rings: The Return of the King
121.463076,1994-10-08,213928762,154.0,Pulp Fiction
120.96574299999999,2014-12-10,956019788,144.0,The Hobbit: The Battle of the Five Armies
120.725053,2008-04-30,585174222,126.0,Iron Man
120.09361000000001,2015-07-14,519311965,117.0,Ant-Man
118.968562,2001-07-20,274925095,125.0,Spirited Away
118.07869099999999,2014-05-15,747862775,131.0,X-Men: Days of Future Past
116.840296,2014-06-25,1091405097,165.0,Transformers: Age of Extinction
116.700319,2015-03-04,104399548,120.0,Chappie
115.69981399999999,2007-05-01,890871626,139.0,Spider-Man 3
115.597753,2014-12-17,349424282,97.0,Night at the Museum: Secret of the Tomb
115.241998,2014-07-14,126546825,89.0,Lucy
115.040024,2005-06-10,374218673,140.0,Batman Begins
114.52223700000002,2015-07-23,682330139,131.0,Mission: Impossible - Rogue Nation
113.858273,2010-07-08,543513985,95.0,Despicable Me
113.161483,2015-09-09,311256926,132.0,Maze Runner: The Scorch Trials
112.31295,2012-07-16,1084939099,165.0,The Dark Knight Rises
110.62064699999999,2014-05-28,758539785,97.0,Maleficent
110.153618,2013-09-27,716392705,91.0,Gravity
109.984351,2001-11-16,976475550,152.0,Harry Potter and the Philosopher's Stone
109.68478799999998,2003-05-23,484572835,101.0,Bruce Almighty
109.528572,1997-05-07,263920180,126.0,The Fifth Element
108.849621,2012-11-26,1021103568,169.0,The Hobbit: An Unexpected Journey
107.92881100000001,2008-10-30,586090727,106.0,Quantum of Solace
107.37678799999999,2015-10-26,880674609,148.0,Spectre
107.069763,2010-06-23,698491347,124.0,The Twilight Saga: Eclipse
106.914973,2002-12-18,926287400,179.0,The Lord of the Rings: The Two Towers
106.815545,2001-11-01,562816256,92.0,"Monsters, Inc."
105.79293600000001,1974-12-20,47542841,200.0,The Godfather: Part II
104.469351,1993-11-29,321365567,195.0,Schindler's List
104.309993,1999-03-30,463517383,136.0,The Matrix
104.121555,1997-07-02,589390539,98.0,Men in Black
103.71838699999999,2015-03-18,295238201,119.0,Insurgent
103.698022,1999-12-10,284600000,189.0,The Green Mile
102.32221700000001,2015-04-01,1506249360,137.0,Furious 7
101.74155,1991-07-01,520000000,137.0,Terminator 2: Judgment Day
101.599427,2014-12-03,268031828,150.0,Exodus: Gods and Kings
101.250416,2005-11-05,895921036,157.0,Harry Potter and the Goblet of Fire
101.18705200000001,2015-03-12,543514353,105.0,Cinderella
100.87679399999999,2015-02-04,14674076,100.0,It Follows
100.635882,2015-12-25,532950503,156.0,The Revenant
100.412364,2015-05-27,470490832,114.0,San Andreas
100.348805,2013-08-07,269994119,110.0,We're the Millers
100.21391,2014-06-12,609123048,102.0,How to Train Your Dragon 2
100.025899,1997-11-18,1845034188,194.0,Titanic
99.687084,2012-11-13,829000000,115.0,The Twilight Saga: Breaking Dawn - Part 2
99.561972,2002-03-10,383257136,81.0,Ice Age
99.499595,2013-10-29,644571402,112.0,Thor: The Dark World
99.398009,2013-06-12,662845518,143.0,Man of Steel
98.885637,2009-07-07,933959197,153.0,Harry Potter and the Half-Blood Prince
98.755657,2015-02-11,571006128,125.0,Fifty Shades of Grey
95.9229,2013-10-18,187000000,134.0,12 Years a Slave
95.914473,2004-07-15,347234916,115.0,"I, Robot"
95.301296,2000-05-01,457640427,155.0,Gladiator
95.130041,2015-01-21,36869414,108.0,Ex Machina
95.00793399999999,2013-12-25,392000694,180.0,The Wolf of Wall Street
94.815867,2009-03-15,709827462,130.0,The Twilight Saga: New Moon
94.370564,2013-12-11,958400000,161.0,The Hobbit: The Desolation of Smaug
94.19931600000001,2016-04-07,966550600,106.0,The Jungle Book
94.184658,1979-05-25,104931801,117.0,Alien
94.05613100000001,1982-06-25,33139618,117.0,Blade Runner
93.06786600000001,1960-06-16,32000000,109.0,Psycho
93.004993,2012-10-25,1108561013,143.0,Skyfall
92.98200899999999,1992-11-25,504050219,90.0,Aladdin
92.201962,2009-05-13,735099082,96.0,Up
91.332849,2002-07-03,441818803,88.0,Men in Black II
91.28568299999999,2010-12-02,327803731,108.0,Black Swan
90.80940799999999,2006-05-27,83258226,118.0,Pan's Labyrinth
90.457886,1994-06-23,788241776,89.0,The Lion King
90.33681,2012-08-08,276572938,120.0,The Bourne Legacy
90.23791999999999,2016-08-02,745000000,123.0,Suicide Squad
89.938296,2011-10-25,371940071,107.0,The Adventures of Tintin
89.866276,2012-06-27,752215857,136.0,The Amazing Spider-Man
89.811154,2014-08-27,103215094,119.0,Birdman
89.270217,2014-04-16,705717432,142.0,The Amazing Spider-Man 2
89.186492,2013-06-20,743559607,104.0,Monsters University
89.095538,2014-10-23,38697217,117.0,Nightcrawler
88.935165,2006-11-14,599045960,144.0,Casino Royale
88.84477700000001,2014-12-16,325771424,109.0,Taken 3
88.496873,2013-09-18,122126687,153.0,Prisoners
88.377076,1966-12-23,6000000,161.0,"The Good, the Bad and the Ugly"
87.53437,2014-12-11,542307423,133.0,American Sniper
87.350802,1998-11-25,363258859,95.0,A Bug's Life
86.493424,2011-04-21,449326618,115.0,Thor
86.47681700000001,2002-06-14,214034224,119.0,The Bourne Identity
86.201184,1968-04-10,68700000,149.0,2001: A Space Odyssey
86.105615,2016-03-09,179246868,121.0,Allegiant
85.688789,2003-05-30,940335536,100.0,Finding Nemo
85.428395,2014-08-20,39407616,102.0,Sin City: A Dame to Kill For
85.36908000000001,2015-02-04,183987723,124.0,Jupiter Ascending
85.30318,1994-07-29,351583407,101.0,The Mask
85.11505799999999,2006-03-23,660940780,91.0,Ice Age: The Meltdown
84.68964799999999,2008-06-04,631744560,90.0,Kung Fu Panda
84.630969,2006-03-15,132511035,132.0,V for Vendetta
84.366984,2014-11-22,373552094,92.0,Penguins of Madagascar
83.89325699999999,2006-06-30,326551094,109.0,The Devil Wears Prada
83.295796,2014-01-26,222809600,106.0,Non-Stop
82.975841,2014-07-17,108782847,104.0,The Purge: Anarchy
82.643036,2006-06-08,461983149,117.0,Cars
82.502566,2002-05-01,821708551,121.0,Spider-Man
82.21166,2009-06-05,459270619,100.0,The Hangover
82.185281,2014-11-26,107670357,108.0,Horrible Bosses 2
82.121691,2012-12-25,425368238,165.0,Django Unchained
82.05205600000001,2015-04-16,65663276,112.0,The Age of Adaline
81.91469599999999,2010-02-18,294804195,138.0,Shutter Island
81.834855,2013-06-20,531865000,116.0,World War Z
81.829237,2003-09-19,95708457,121.0,Underworld
81.781591,2009-05-20,413106170,105.0,Night at the Museum: Battle of the Smithsonian
81.49962099999999,2011-11-22,334615000,129.0,Sherlock Holmes: A Game of Shadows
81.487685,1992-11-19,358991681,120.0,Home Alone 2: Lost in New York
80.972475,1989-05-24,474171806,127.0,Indiana Jones and the Last Crusade
80.879032,2008-02-18,226830568,93.0,Taken
80.87860500000001,1999-09-15,356296601,122.0,American Beauty
80.581367,2006-12-14,307077295,117.0,The Pursuit of Happyness
80.316463,2014-03-14,288747895,139.0,Divergent
80.171283,1937-12-20,184925486,83.0,Snow White and the Seven Dwarfs
79.92205899999999,2014-09-24,192330738,132.0,The Equalizer
79.75496600000001,2003-10-10,180949000,111.0,Kill Bill: Vol. 1
79.679601,2004-05-31,789804554,141.0,Harry Potter and the Prisoner of Azkaban
79.579532,1995-09-22,327311859,127.0,Se7en
79.456485,2014-05-27,370541256,113.0,Edge of Tomorrow
78.699993,1980-05-22,44017374,144.0,The Shining
78.530105,2010-03-03,1025491110,108.0,Alice in Wonderland
78.51783,1980-05-17,538400000,124.0,The Empire Strikes Back
78.29101800000001,2013-05-05,467365246,132.0,Star Trek Into Darkness
78.14439499999999,2007-06-28,938212738,138.0,Harry Potter and the Order of the Phoenix
77.817571,2004-11-05,631442092,115.0,The Incredibles
77.77476999999999,2011-12-07,694713380,133.0,Mission: Impossible - Ghost Protocol
77.68208,2013-04-18,1215439994,130.0,Iron Man 3
77.58066099999999,2010-08-03,274470394,103.0,The Expendables
77.30019399999999,2010-04-28,623933331,124.0,Iron Man 2
77.178973,2012-05-30,396600000,127.0,Snow White and the Huntsman
76.842247,2014-07-23,243400000,99.0,Hercules
76.840712,2004-12-09,362744280,125.0,Ocean's Twelve
76.60323299999999,1985-07-03,381109762,116.0,Back to the Future
76.310119,2013-11-15,847423452,146.0,The Hunger Games: Catching Fire
76.04186700000001,1998-07-24,481840909,169.0,Saving Private Ryan
75.674458,2008-05-21,786636033,122.0,Indiana Jones and the Kingdom of the Crystal Skull
75.290998,1996-05-22,457696359,110.0,Mission: Impossible
74.81764100000001,2013-08-16,87100449,123.0,About Time
74.64653,2015-03-11,71561644,114.0,Run All Night
74.50624599999999,2011-07-22,370569774,124.0,Captain America: The First Avenger
74.440708,2006-10-19,109676311,130.0,The Prestige
74.417456,2014-02-26,174600318,99.0,The Grand Budapest Hotel
74.358971,2014-05-16,307166834,125.0,The Fault in Our Stars
74.23479300000001,1984-10-26,78371200,108.0,The Terminator
74.16801600000001,2014-12-25,12342632,112.0,The Interview
73.987775,2012-04-12,66486080,95.0,The Cabin in the Woods
73.94404899999999,2002-12-25,352114312,141.0,Catch Me If You Can
73.872343,2012-10-26,130482868,172.0,Cloud Atlas
73.82289,2008-06-19,258270008,110.0,Wanted
73.79505,2010-12-10,400062763,125.0,TRON: Legacy
73.720244,2001-04-25,173921954,122.0,Amélie
73.640445,1995-10-30,373554033,81.0,Toy Story
73.61680799999999,2009-05-06,385680446,127.0,Star Trek
73.575118,1999-10-30,497366869,92.0,Toy Story 2
73.56723199999999,1998-10-30,23875127,119.0,American History X
73.313918,2003-11-05,424988211,129.0,The Matrix Revolutions
73.307513,2004-01-22,96060858,113.0,The Butterfly Effect
73.085576,1999-08-06,672806292,107.0,The Sixth Sense
72.774941,2015-07-17,140795793,125.0,Trainwreck
72.641296,2014-07-17,126069509,97.0,Sex Tape
72.595961,2009-08-18,319131050,153.0,Inglourious Basterds
72.22526500000001,2014-03-20,714766572,136.0,Captain America: The Winter Soldier
72.19808,1976-11-21,117235147,119.0,Rocky
71.862892,2009-05-20,371353001,115.0,Terminator Salvation
71.51059599999999,2014-03-05,337580051,102.0,300: Rise of an Empire
71.496894,2015-05-07,287506194,115.0,Pitch Perfect 2
71.124686,2013-05-29,117698894,115.0,Now You See Me
70.867401,2007-12-14,585349010,101.0,I Am Legend
70.78591,2003-05-15,738599701,138.0,The Matrix Reloaded
70.66892299999999,2014-08-13,136621271,104.0,Let's Be Cops
70.456012,2004-12-15,216763646,132.0,Million Dollar Baby
70.398356,1997-09-07,12532777,106.0,Gattaca
70.105981,1983-12-08,65884703,170.0,Scarface
69.457898,2009-06-29,886686817,94.0,Ice Age: Dawn of the Dinosaurs
69.405188,2003-07-02,435000000,109.0,Terminator 3: Rise of the Machines
69.27821999999999,2010-09-30,224920315,120.0,The Social Network
68.889395,2012-05-30,403170142,124.0,Prometheus
68.87691,2012-06-29,549368315,106.0,Ted
68.794673,2016-05-13,320170008,134.0,The Conjuring 2
68.757242,2010-10-28,321887208,95.0,Megamind
68.734513,2015-06-25,217022588,115.0,Ted 2
68.717016,2015-12-25,155760117,167.0,The Hateful Eight
68.550698,2012-03-12,691210692,142.0,The Hunger Games
68.159596,1981-06-12,389925971,115.0,Raiders of the Lost Ark
68.140214,1995-06-30,355237933,140.0,Apollo 13
67.767785,2014-11-12,169837010,110.0,Dumb and Dumber To
67.698004,2013-04-10,286168572,124.0,Oblivion
67.66094,1986-07-18,183316455,137.0,Aliens
67.608041,1978-07-07,181813770,110.0,Grease
67.447636,2009-05-13,356613439,138.0,Angels & Demons
67.427755,1998-06-18,304320254,88.0,Mulan
67.417542,1939-08-15,33754967,102.0,The Wizard of Oz
67.391328,2005-12-07,748806957,143.0,"The Chronicles of Narnia: The Lion, the Witch and the Wardrobe"
67.33766999999999,2013-08-07,286140700,109.0,Elysium
67.298732,2001-05-16,484409218,90.0,Shrek
67.263269,2010-03-05,494878759,98.0,How to Train Your Dragon
67.16958699999999,2002-03-22,155010032,117.0,Blade II
66.976776,1984-05-23,333000000,118.0,Indiana Jones and the Temple of Doom
66.925866,1992-09-02,14661007,99.0,Reservoir Dogs
66.803149,2004-05-13,497409852,163.0,Troy
66.757869,2014-01-30,242688965,102.0,RoboCop
66.390712,2008-06-22,521311860,98.0,WALL·E
66.242737,2016-07-11,140752617,83.0,Sausage Party
66.21806,2016-07-14,229147509,116.0,Ghostbusters
66.169628,1988-07-15,140767956,131.0,Die Hard
66.11334000000001,2015-10-16,35401758,117.0,Room
66.097437,2015-07-10,30523226,116.0,Self/less
66.003433,2005-04-01,158733820,124.0,Sin City
65.948959,2002-06-20,358372926,145.0,Minority Report
65.90160999999999,2014-12-25,212902372,125.0,Into the Woods
65.677399,2007-06-22,623722818,111.0,Ratatouille
65.40259499999999,2013-02-06,304654182,98.0,A Good Day to Die Hard
65.364452,2015-06-15,91709827,123.0,Southpaw
65.352913,2016-07-07,343471816,122.0,Star Trek Beyond
65.22986800000001,2012-06-26,877244782,88.0,Ice Age: Continental Drift
65.197968,2006-12-09,422610419,117.0,300
64.928382,2012-04-11,303025485,131.0,Battleship
64.798873,2009-03-05,185258983,163.0,Watchmen
64.782984,1975-03-13,5028948,91.0,Monty Python and the Holy Grail
64.610671,2015-06-18,85512300,109.0,Paper Towns
64.504747,2012-02-01,145000000,84.0,Chronicle
64.45794699999999,2014-10-01,215529201,92.0,Dracula Untold
64.238688,2013-08-01,86758912,126.0,Snowpiercer
64.18332099999999,2013-03-20,585178928,98.0,The Croods
64.181668,1996-01-19,25836616,108.0,From Dusk Till Dawn
64.02503100000001,1995-07-19,23341568,106.0,The Usual Suspects
63.848541000000004,2013-10-16,82394288,100.0,Carrie
63.655972999999996,2004-10-01,103911669,103.0,Saw
63.65424399999999,1990-09-12,46836394,145.0,GoodFellas
63.628459,2014-12-12,114178613,102.0,Seventh Son
63.599973,2012-09-08,205738714,122.0,Silver Linings Playbook
63.513324,1996-02-23,16491080,93.0,Trainspotting
63.473086,2015-03-18,368871007,94.0,Home
63.429157,2006-10-05,289847354,151.0,The Departed
63.148529,2016-05-25,433677183,123.0,Warcraft
63.13678,2009-08-05,210819611,112.0,District 9
63.079003,2006-05-03,397850012,126.0,Mission: Impossible III
63.071045999999996,1982-10-22,125212904,93.0,First Blood
62.933899,2016-07-27,83707310,96.0,Nerve
62.925175,1997-09-12,109423648,129.0,The Game
62.898336,2008-06-12,163712074,114.0,The Incredible Hulk
62.766854,2003-05-30,176070171,110.0,The Italian Job
62.714026000000004,2012-03-12,201585328,109.0,21 Jump Street
62.641286,2016-07-27,415484914,123.0,Jason Bourne
62.554173,2013-01-24,31724284,94.0,Spring Breakers
62.479574,2009-12-08,267045765,97.0,The Princess and the Frog
62.341073,2012-11-01,471222889,108.0,Wreck-It Ralph
62.169881000000004,2010-05-19,335154643,116.0,Prince of Persia: The Sands of Time
62.01056,2012-10-11,232324128,120.0,Argo
61.849520999999996,2016-03-02,205754447,99.0,London Has Fallen
61.788035,2012-11-21,306941670,97.0,Rise of the Guardians
61.762330000000006,2015-08-13,201634991,147.0,Straight Outta Compton
61.692197,2015-09-21,473226958,89.0,Hotel Transylvania 2
61.437585999999996,2004-02-13,196482882,99.0,50 First Dates
61.309619,2014-09-18,53181600,113.0,A Walk Among the Tombstones
61.245957,1999-08-06,23159305,86.0,The Iron Giant
61.226009999999995,2005-12-14,550000000,187.0,King Kong
61.210016,2001-01-18,1270522,113.0,Donnie Darko
61.196070999999996,2013-05-10,351040419,143.0,The Great Gatsby
61.182331000000005,2014-11-26,123726688,123.0,The Theory of Everything
61.121717000000004,2010-02-01,226497209,118.0,Percy Jackson & the Olympians: The Lightning Thief
61.025639,2014-08-04,206172544,127.0,The Expendables 3
60.929352,2001-12-07,450717150,116.0,Ocean's Eleven
60.829620999999996,2016-06-24,119100758,86.0,The Shallows
60.810722999999996,2007-06-13,289047763,92.0,Fantastic 4: Rise of the Silver Surfer
60.767168000000005,1999-07-09,235483004,95.0,American Pie
60.732738,1997-07-12,159375308,134.0,Princess Mononoke
60.722162,1995-05-24,210000000,177.0,Braveheart
60.715151,2000-10-11,39723096,113.0,Memento
60.467983999999994,2016-04-06,164602163,114.0,The Huntsman: Winter's War
60.442593,1996-06-25,816969268,145.0,Independence Day
60.269279000000004,2008-11-24,333932083,166.0,The Curious Case of Benjamin Button
60.246978000000006,2015-09-10,203427584,121.0,Everest
60.231381999999996,2011-10-27,173930596,109.0,In Time
60.225218999999996,2014-10-02,255273813,99.0,Annabelle
60.034162,2008-07-01,401128639,112.0,The Mummy: Tomb of the Dragon Emperor
59.99541800000001,2010-06-16,1066969703,103.0,Toy Story 3
59.961523,1964-08-27,102272727,139.0,Mary Poppins
59.824565,1995-11-16,352194034,130.0,GoldenEye
59.634029000000005,2015-02-25,153962963,105.0,Focus
59.547928000000006,2014-02-06,469160692,100.0,The Lego Movie
59.454473,2013-09-07,55198285,117.0,Dallas Buyers Club
59.428222999999996,2013-03-20,161025640,120.0,Olympus Has Fallen
59.325589,2013-03-26,371876278,110.0,G.I. Joe: Retaliation
59.259204000000004,1957-03-25,1000000,96.0,12 Angry Men
59.25896899999999,2008-05-12,377910544,120.0,Slumdog Millionaire
59.248437,2001-12-11,313542341,135.0,A Beautiful Mind
59.19888,2011-03-30,147332697,93.0,Source Code
59.194915,1990-12-24,136766062,162.0,The Godfather: Part III
59.113174,1992-06-19,280000000,126.0,Batman Returns
58.991388,2014-04-16,103039258,119.0,Transcendence
58.900647,1986-05-16,356830601,110.0,Top Gun
58.849256000000004,2004-11-19,347451894,131.0,National Treasure
58.845025,1976-02-07,28262574,114.0,Taxi Driver
58.782359,1997-11-06,121214377,129.0,Starship Troopers
58.594852,2010-09-13,97009150,103.0,Insidious
58.57976,2008-07-11,160388063,120.0,Hellboy II: The Golden Army
58.553213,1988-02-29,73326666,92.0,Beetlejuice
58.485967,1998-07-01,553799566,151.0,Armageddon
58.40120400000001,2012-01-19,160112671,88.0,Underworld: Awakening
58.040149,2011-05-25,254455986,102.0,The Hangover Part II
57.925623,2006-06-28,391081192,154.0,Superman Returns
57.889964,2016-01-14,109906372,112.0,The 5th Wave
57.84156,2013-11-08,76586316,131.0,The Book Thief
57.834787,2009-12-23,524028679,128.0,Sherlock Holmes
57.773582999999995,2015-11-25,173567581,133.0,Creed
57.753914,2004-06-17,219417255,128.0,The Terminal
57.739713,2000-12-22,429632142,143.0,Cast Away
57.69846999999999,1990-07-02,240031094,124.0,Die Hard 2
57.67393199999999,2012-09-07,41037742,95.0,Dredd
57.518471999999996,2015-12-11,133346506,130.0,The Big Short
57.374341,2001-03-09,179213434,127.0,Moulin Rouge!
57.300674,2009-10-07,102391382,88.0,Zombieland
57.110486,1998-07-15,369884651,119.0,There's Something About Mary
56.868399,2012-12-20,218340595,130.0,Jack Reacher
56.81105600000001,2003-07-21,156505388,117.0,Lara Croft Tomb Raider: The Cradle of Life
56.805781,2016-01-21,94073028,102.0,Dirty Grandpa
56.763490000000004,2003-01-01,14980005,120.0,Oldboy
56.758410999999995,2008-07-01,624029371,92.0,Hancock
56.747978,2016-01-23,521170825,95.0,Kung Fu Panda 3
56.523205000000004,2013-07-11,407602906,131.0,Pacific Rim
56.488027,1998-06-04,264118201,103.0,The Truman Show
56.481487,2004-03-19,72258126,108.0,Eternal Sunshine of the Spotless Mind
56.30466,2014-10-24,103590271,89.0,Ouija
56.268916000000004,2016-05-25,299370084,113.0,Alice Through the Looking Glass
56.257411,2012-09-20,358375603,91.0,Hotel Transylvania
56.257249,2016-02-25,150680864,127.0,Gods of Egypt
56.105798,1982-04-03,792910554,115.0,E.T. the Extra-Terrestrial
55.964605000000006,2013-07-18,46089287,109.0,The World's End
55.806402,2009-08-19,48428063,79.0,9
55.659988,2002-06-21,145771527,85.0,Lilo & Stitch
55.458583999999995,1989-06-02,235860116,129.0,Dead Poets Society
55.424027,2015-09-17,84025816,121.0,Sicario
55.249433999999994,1997-07-11,171120329,150.0,Contact
55.109138,2004-06-25,115603229,123.0,The Notebook
54.931334,2000-05-24,546388105,123.0,Mission: Impossible II
54.884297,1993-08-06,368875760,130.0,The Fugitive
54.814890000000005,2014-03-13,203277636,130.0,Need for Speed
54.550275,1999-03-30,53478166,97.0,10 Things I Hate About You
54.40303299999999,2013-05-31,89328627,86.0,The Purge
54.159392000000004,2002-11-17,431971116,133.0,Die Another Day
54.053576,2010-09-06,414211549,118.0,The King's Speech
54.035265,1999-05-19,924317558,136.0,Star Wars: Episode I - The Phantom Menace
53.978602,2008-05-15,419651413,150.0,The Chronicles of Narnia: Prince Caspian
53.905592000000006,2005-07-13,474968763,115.0,Charlie and the Chocolate Factory
53.811461,2014-08-11,66980456,94.0,The Giver
53.73289200000001,2012-08-08,312573423,103.0,The Expendables 2
53.727146,2016-06-29,118587880,105.0,The Purge: Election Year
53.698682999999996,2016-03-10,108286421,103.0,10 Cloverfield Lane
53.682367000000006,2013-12-18,47351251,126.0,Her
53.670525,2015-10-09,34441873,122.0,Steve Jobs
53.645267000000004,2007-11-08,171600000,122.0,No Country for Old Men
53.595686,2000-09-01,83557872,103.0,Snatch
53.213931,2004-07-23,288500217,108.0,The Bourne Supremacy
53.161905000000004,2016-06-02,207945075,110.0,Me Before You
53.114573,2015-09-24,194564672,121.0,The Intern
53.090422,2008-07-10,101702060,93.0,Journey to the Center of the Earth
53.043124,2002-03-29,196397415,111.0,Panic Room
53.02786999999999,2013-01-17,224803475,88.0,Hansel & Gretel: Witch Hunters
52.995628,2000-06-09,237202299,118.0,Gone in Sixty Seconds
52.792678,2006-12-07,170877916,143.0,Blood Diamond
52.786917,2013-10-10,95000000,134.0,Captain Phillips
52.744331,1993-02-11,70906973,101.0,Groundhog Day
52.731379000000004,1982-06-25,19629760,109.0,The Thing
52.612025,2015-10-21,146936910,106.0,The Last Witch Hunter
52.571674,2009-03-11,136267476,102.0,17 Again
52.464877,2010-11-05,35692920,94.0,127 Hours
52.45650500000001,1977-11-16,303788635,135.0,Close Encounters of the Third Kind
52.417528999999995,2015-01-21,30418560,106.0,Mortdecai
52.380982,2014-06-05,188441614,112.0,22 Jump Street
52.341226,2003-12-05,456758981,154.0,The Last Samurai
52.081131,2001-10-05,104876233,122.0,Training Day
52.035179,2012-05-23,624026776,106.0,Men in Black 3
51.970905,2007-03-02,84785914,157.0,Zodiac
51.927471000000004,2009-01-22,91353501,92.0,Underworld: Rise of the Lycans
51.915025,2011-09-09,23057115,140.0,Warrior
51.881077000000005,1995-05-19,366101666,128.0,Die Hard: With a Vengeance
51.872839,2011-06-16,219851172,114.0,Green Lantern
51.742065000000004,2005-01-15,104478416,109.0,The Hitchhiker's Guide to the Galaxy
51.692953,2015-11-14,331926147,93.0,The Good Dinosaur
51.548589,2001-06-02,186053725,95.0,Atlantis: The Lost Empire
51.535701,2016-06-02,334901337,129.0,Now You See Me 2
51.502884,2007-04-05,32017803,107.0,Sunshine
51.469576,1996-06-06,335062621,136.0,The Rock
51.328145,2012-11-20,609016565,127.0,Life of Pi
51.247321,2011-05-25,665692281,91.0,Kung Fu Panda 2
51.188633,2001-07-25,362211740,119.0,Planet of the Apes
51.146046999999996,2009-02-05,124596398,100.0,Coraline
51.113717,2000-12-09,169327687,78.0,The Emperor's New Groove
51.109279,1986-08-22,52287414,89.0,Stand by Me
50.767332,2015-11-20,93820758,122.0,In the Heart of the Sea
50.7453,2008-12-09,269958228,116.0,Gran Torino
50.670253,2008-04-17,105173115,111.0,Forgetting Sarah Marshall
50.622607,2004-04-16,152159461,136.0,Kill Bill: Vol. 2
50.587540999999995,2002-09-24,120072577,150.0,The Pianist
50.561849,2014-02-18,117831631,105.0,Pompeii
50.319662,2016-02-19,40423945,92.0,The Witch
50.309843,2011-07-08,117000000,98.0,Horrible Bosses
50.306728,2012-05-08,245527149,113.0,Dark Shadows
50.179171000000004,2016-05-04,108758521,91.0,Neighbors 2: Sorority Rising
50.163785,1994-11-11,223664608,123.0,Interview with the Vampire
50.152327,1975-06-18,470654000,124.0,Jaws
50.073575,1997-06-20,238207122,125.0,Batman & Robin
50.009408,1987-06-11,98235548,107.0,Predator
49.98659,2011-06-11,559852396,106.0,Cars 2
49.975409,2013-07-18,318000141,112.0,The Conjuring
49.973462,1979-08-15,89460381,153.0,Apocalypse Now
49.808505,2014-10-09,0,110.0,Automata
49.802914,1986-12-18,138530565,120.0,Platoon
49.664128000000005,2013-12-12,251171807,138.0,American Hustle
49.661984000000004,2010-08-13,415686217,113.0,The Chronicles of Narnia: The Voyage of the Dawn Treader
49.660055,2004-12-08,128905366,123.0,Blade: Trinity
49.593978,2009-10-15,126690726,109.0,Law Abiding Citizen
49.549984,2004-11-19,234710455,119.0,Howl's Moving Castle
49.526736,1994-06-09,350448145,116.0,Speed
49.517264000000004,2012-09-20,48126384,109.0,End of Watch
49.510658,1988-12-11,412800000,133.0,Rain Man
49.353524,2012-09-27,376141306,91.0,Taken 2
49.336397,1984-02-16,0,229.0,Once Upon a Time in America
49.333137,1968-12-21,5321508,175.0,Once Upon a Time in the West
49.294864000000004,2011-08-06,78054825,100.0,Drive
49.292384000000006,2010-12-22,252276927,110.0,True Grit
49.230089,1998-03-06,46189568,117.0,The Big Lebowski
49.199234000000004,2011-03-08,202466756,116.0,Battle: Los Angeles
49.12486,2004-04-09,30039392,99.0,Shaun of the Dead
49.078546,2002-07-12,181001478,117.0,Road to Perdition
49.070321,2012-03-01,100000000,88.0,Project X
49.046956,2013-07-03,89289910,149.0,The Lone Ranger
49.020045,2006-01-12,111340801,106.0,Underworld: Evolution
48.98255,1939-12-15,400176459,238.0,Gone with the Wind
48.933370000000004,2007-06-20,383531464,128.0,Live Free or Die Hard
48.901542,1962-10-04,59600000,110.0,Dr. No
48.829437,2010-07-21,293329073,100.0,Salt
48.801089000000005,2007-09-06,70016220,122.0,3:10 to Yuma
48.784734,2014-09-03,15447154,92.0,Before I Go to Sleep
48.780039,2006-10-20,574480841,108.0,Night at the Museum
48.775723,2016-06-22,389681935,120.0,Independence Day: Resurgence
48.744209000000005,2015-08-13,108145109,116.0,The Man from U.N.C.L.E.
48.681969,2010-11-24,591794936,100.0,Tangled
48.622278,2011-12-10,149217355,95.0,Ghost Rider: Spirit of Vengeance
48.572726,2005-06-28,591739379,116.0,War of the Worlds
48.552871,2012-01-26,77278331,117.0,The Grey
48.507081,1978-12-13,300218018,143.0,Superman
48.445978000000004,2015-10-15,165478348,141.0,Bridge of Spies
48.375848,2013-09-12,0,106.0,Insidious: Chapter 2
48.356214,2012-12-18,441809770,157.0,Les Misérables
48.237797,2013-02-07,63372757,106.0,Side Effects
48.205606,1995-05-31,336529144,121.0,Batman Forever
48.170508,2016-07-21,44107032,81.0,Lights Out
48.126296999999994,2012-03-15,183018522,106.0,Mirror Mirror
48.110909,2005-05-25,532680671,86.0,Madagascar
48.03528,2015-09-24,128388320,111.0,Pan
48.0343,2015-01-14,0,92.0,Wild Card
48.032734000000005,2007-08-09,135560026,127.0,Stardust
47.992816999999995,2006-08-31,42931041,88.0,Crank
47.973995,2005-11-04,314432665,81.0,Chicken Little
47.862016,1984-04-05,20158808,102.0,The NeverEnding Story
47.845589000000004,1995-06-14,346079773,81.0,Pocahontas
47.812466,1964-09-17,124881062,110.0,Goldfinger
47.753598,2015-07-28,104384188,99.0,Vacation
47.686442,2010-04-01,232713139,106.0,Clash of the Titans
47.651878,1942-08-14,267447150,70.0,Bambi
47.651083,2011-12-14,232617430,158.0,The Girl with the Dragon Tattoo
47.649553999999995,2010-07-03,126248813,107.0,Predators
47.584643,1973-12-26,441306145,122.0,The Exorcist
47.5612,2005-08-02,85167639,87.0,Transporter 2
47.559928,2012-09-09,180274123,113.0,The Impossible
47.51363,1990-12-05,53000000,105.0,Edward Scissorhands
47.479755,2004-04-02,99318987,122.0,Hellboy
47.456823,2007-09-14,193355800,86.0,Paranormal Activity
47.455148,2013-01-17,146497771,100.0,Mama
47.436675,2003-07-11,179265204,110.0,The League of Extraordinary Gentlemen
47.336034000000005,2007-12-13,361366633,92.0,Alvin and the Chipmunks
47.323228,2004-11-10,305875730,100.0,The Polar Express
47.320801,2004-05-19,919838758,93.0,Shrek 2
47.094369,2004-09-20,367275019,90.0,Shark Tale
47.006161999999996,2008-10-10,42000000,131.0,The Hurt Locker
46.985445,2013-03-07,491868548,130.0,Oz: The Great and Powerful
46.942396,2008-01-15,170764026,85.0,Cloverfield
46.887983,2008-09-25,178066569,118.0,Eagle Eye
46.875375,2007-07-25,527068851,87.0,The Simpsons Movie
46.834703999999995,2007-02-16,228738393,114.0,Ghost Rider
46.832372,2015-01-13,17752940,133.0,Blackhat
46.781182,2009-09-17,242988466,90.0,Cloudy with a Chance of Meatballs
46.727940999999994,1996-06-21,100138851,91.0,The Hunchback of Notre Dame
46.630062,2013-09-02,98337295,119.0,Riddick
46.509071,1983-05-23,572700000,135.0,Return of the Jedi
46.377628,2012-09-26,47042000,118.0,Looper
46.217769,2002-08-09,277448382,124.0,xXx
46.212154999999996,1990-03-02,199200000,134.0,The Hunt for Red October
46.200041999999996,2011-04-03,484635760,96.0,Rio
46.199482,2003-12-25,122919055,125.0,Big Fish
46.180421,2011-09-22,110206216,133.0,Moneyball
46.160047999999996,2002-12-14,193772504,167.0,Gangs of New York
46.116884999999996,1980-07-02,83453539,88.0,Airplane!
46.115758,2014-03-20,362637473,139.0,Noah
46.114184,2009-06-12,9760104,97.0,Moon
46.078371000000004,2016-01-21,112343513,110.0,How to Be Single
46.075037,1997-06-27,245676146,138.0,Face/Off
46.049902,2015-09-04,98837872,122.0,Black Mass
46.007991,1940-02-23,84300000,88.0,Pinocchio
45.996109999999994,1996-12-20,173046663,111.0,Scream
45.94834,2013-10-23,125537191,114.0,Ender's Game
45.946524,2015-06-04,104303851,97.0,Insidious: Chapter 3
45.915165,2003-04-25,90259536,90.0,Identity
45.856409,1992-05-22,159773545,114.0,Alien³
45.769562,1990-05-25,244527583,118.0,Back to the Future Part III
45.742253999999996,2000-10-01,213525736,120.0,"Crouching Tiger, Hidden Dragon"
45.742217,2014-12-25,11110975,148.0,Inherent Vice
45.720894,2016-05-11,349779543,97.0,The Angry Birds Movie
45.707834999999996,1990-11-09,424208848,181.0,Dances with Wolves
45.66662,2003-08-31,119723856,102.0,Lost in Translation
45.616098,2004-12-17,102000000,170.0,The Aviator
45.610993,2009-07-17,60722734,95.0,(500) Days of Summer
45.589568,2013-07-11,246984278,100.0,Grown Ups 2
45.565917999999996,1997-11-20,139804348,94.0,Anastasia
45.514031,2013-08-21,90565421,130.0,The Mortal Instruments: City of Bones
45.490373999999996,2002-10-31,82719885,113.0,28 Days Later
45.477802000000004,2006-08-11,114194847,104.0,Step Up
45.473484,1990-03-23,463000000,119.0,Pretty Woman
45.419668,2000-11-17,345141403,104.0,How the Grinch Stole Christmas
45.395839,2010-09-10,74952305,92.0,Easy A
45.388937,2005-08-25,38869464,119.0,Serenity
45.381501,2007-08-03,442824138,115.0,The Bourne Ultimatum
45.351617,2015-08-05,158162788,103.0,Goosebumps
45.318703,2016-06-15,216972543,107.0,Central Intelligence
45.317278,2014-08-27,32556119,108.0,The November Man
45.313196999999995,2006-05-17,767820459,149.0,The Da Vinci Code
45.310443,2000-04-13,34266564,102.0,American Psycho
45.299089,2004-04-23,130293714,146.0,Man on Fire
45.274225,2009-10-10,769653595,158.0,2012
45.220386,2006-03-23,184376254,129.0,Inside Man
45.154631,1997-06-01,224012234,115.0,Con Air
45.151657,2011-03-11,89162162,100.0,Red Riding Hood
45.149947999999995,2008-03-27,69823199,123.0,21
45.083509,2009-03-15,90810892,99.0,Drag Me to Hell
45.072136,1984-06-07,153083102,106.0,Gremlins
45.054936,2010-03-22,96188903,117.0,Kick-Ass
45.022964,1992-11-13,215862692,128.0,Dracula
44.989191999999996,2012-06-06,746921274,93.0,Madagascar 3: Europe's Most Wanted
44.967453000000006,2006-12-08,194168700,136.0,The Holiday
44.927634999999995,2012-03-27,301000000,99.0,Wrath of the Titans
44.906918,2010-06-15,261930431,109.0,Knight and Day
44.815022,2004-08-04,217764291,120.0,Collateral
44.765377,2013-07-11,282570682,96.0,Turbo
44.714264,1980-06-17,115229890,133.0,The Blues Brothers
44.690107,1994-05-11,94000000,102.0,The Crow
44.656151,1997-09-09,501818,90.0,Cube
44.640291999999995,1995-07-28,264218220,135.0,Waterworld
44.635452,2005-06-07,478207520,120.0,Mr. & Mrs. Smith
44.566609,2002-12-06,5359645,107.0,Equilibrium
44.533612,1987-09-18,30857814,98.0,The Princess Bride
44.529429,2004-03-19,102356381,101.0,Dawn of the Dead
44.511363,1998-05-22,10680275,118.0,Fear and Loathing in Las Vegas
44.490453,2005-05-03,211643158,144.0,Kingdom of Heaven
44.478043,2013-10-09,122915111,115.0,Escape Plan
44.455166,2001-12-28,172989651,144.0,Black Hawk Down
44.356711,2002-02-05,30641770,130.0,City of God
44.34333,2013-07-18,0,116.0,RED 2
44.301745000000004,1993-12-22,206678440,125.0,Philadelphia
44.19092,2016-06-01,183345589,120.0,The BFG
44.141021,2008-10-30,603900354,89.0,Madagascar: Escape 2 Africa
44.135568,2005-09-02,178043761,134.0,Brokeback Mountain
44.120328,2014-05-21,123494610,117.0,Blended
44.108427,2005-05-17,850000000,140.0,Star Wars: Episode III - Revenge of the Sith
44.104469,1989-06-23,411348924,126.0,Batman
44.094856,2011-01-13,51070807,93.0,The Mechanic
44.090534999999996,1996-12-12,101371017,106.0,Mars Attacks!
44.041185999999996,2010-05-16,752600867,93.0,Shrek Forever After
43.987061,2002-05-15,649398328,142.0,Star Wars: Episode II - Attack of the Clones
43.926995,2012-03-07,284139100,132.0,John Carter
43.882857,2013-01-12,0,107.0,The Last Stand
43.873266,2014-01-24,154984035,118.0,The Monuments Men
43.865294,2010-11-04,211780824,95.0,Due Date
43.862456,2011-05-18,54674226,139.0,The Tree of Life
43.849351,2008-12-09,225990978,104.0,Yes Man
43.815492,1998-08-21,131183530,120.0,Blade
43.791745,2014-10-09,54837234,102.0,St. Vincent
43.753585,2011-05-11,151119219,94.0,Midnight in Paris
43.742241,2013-01-31,116980662,97.0,Warm Bodies
43.734885999999996,1997-12-05,225933435,126.0,Good Will Hunting
43.729123,1942-11-26,10462500,102.0,Casablanca
43.675191,2012-02-01,127730736,95.0,The Woman in Black
43.644978,2007-09-11,56255142,148.0,Into the Wild
43.571612,2005-09-09,117195061,77.0,Corpse Bride
43.450266,2011-02-18,144492830,109.0,I Am Number Four
43.444134999999996,2012-09-20,33400000,102.0,The Perks of Being a Wallflower
43.40352,2014-06-05,44349000,164.0,Boyhood
43.349855,2013-02-27,197687603,114.0,Jack the Giant Slayer
43.348022,2013-12-18,188133322,114.0,The Secret Life of Walter Mitty
43.345252,1989-11-20,332000000,108.0,Back to the Future Part II
43.217089,2009-06-13,47801389,93.0,Hachi: A Dog's Tale
43.192048,2008-08-09,188072649,107.0,Tropic Thunder
43.151268,2011-02-14,97552050,104.0,Paul
43.129703000000006,1990-06-01,261317921,113.0,Total Recall
43.057323,2003-10-03,131282949,108.0,School of Rock
43.055253,2014-12-25,163442937,137.0,Unbroken
42.990906,2007-12-04,372234864,113.0,The Golden Compass
42.986467,2007-05-17,798958165,93.0,Shrek the Third
42.957215999999995,2004-08-12,171183863,101.0,AVP: Alien vs. Predator
42.952942,2014-12-05,52501541,115.0,Wild
42.933027,2013-03-22,63327201,125.0,The Host
42.887121,1997-12-11,333011068,119.0,Tomorrow Never Dies
42.881415000000004,2013-08-02,131940411,109.0,2 Guns
42.868495,1946-12-20,9644124,130.0,It's a Wonderful Life
42.840582,2013-05-30,243843127,100.0,After Earth
42.741719,2016-06-29,356743061,109.0,The Legend of Tarzan
42.669304,2007-11-21,99965753,89.0,Hitman
42.57877,2008-08-22,73762516,105.0,Death Race
42.551902,2006-09-13,132180323,147.0,Perfume: The Story of a Murderer
42.538258,2014-01-15,50549107,105.0,Jack Ryan: Shadow Recruit
42.526529,2016-01-13,69411370,144.0,13 Hours: The Secret Soldiers of Benghazi
42.512296,2016-07-28,183936074,100.0,Bad Moms
42.472324,2014-10-08,83719388,141.0,The Judge
42.400240000000004,2014-03-19,500188435,102.0,Rio 2
42.361215,2007-11-02,266465037,157.0,American Gangster
42.213765,2012-11-02,161772375,138.0,Flight
42.191509,2011-08-09,124272124,146.0,The Help
42.187985999999995,2005-10-28,152925093,92.0,Saw II
42.069993,2007-06-07,311312624,122.0,Ocean's Thirteen
42.006908,2000-11-13,248118121,106.0,Unbreakable
41.996783,1964-01-29,9440272,95.0,Dr. Strangelove or: How I Learned to Stop Worrying and Love the Bomb
41.972328999999995,2015-04-17,62882090,82.0,Unfriended
41.967005,1990-07-12,505000000,127.0,Ghost
41.946523,2015-04-09,63013281,128.0,The Longest Ride
41.890722,2008-12-10,233093859,104.0,The Day the Earth Stood Still
41.862983,2001-04-28,433013274,130.0,The Mummy Returns
41.845878000000006,2008-11-21,309979994,98.0,Bolt
41.832392,2008-08-06,101624843,111.0,Pineapple Express
41.796339,2013-12-06,150962475,119.0,47 Ronin
41.690578,1999-07-14,248000000,81.0,The Blair Witch Project
41.670544,2002-05-24,122563539,83.0,Spirit: Stallion of the Cimarron
41.638961,2014-02-14,52597999,113.0,3 Days to Kill
41.570046999999995,2006-12-07,120175290,139.0,Apocalypto
41.569541,2004-04-13,96455697,98.0,13 Going on 30
41.515702000000005,1998-10-02,171757863,83.0,Antz
41.503588,2015-11-06,88346473,128.0,Spotlight
41.498631,2001-06-11,274703340,100.0,Lara Croft: Tomb Raider
41.493041999999996,1996-10-31,147298761,120.0,Romeo + Juliet
41.472404,2008-12-18,168167691,123.0,Seven Pounds
41.430245,2010-10-13,71664962,111.0,RED
41.426678,2010-12-08,278731369,103.0,The Tourist
41.380094,2004-05-26,544272402,124.0,The Day After Tomorrow
41.362082,2000-02-11,144056873,119.0,The Beach
41.322708,2002-05-24,113714830,118.0,Insomnia
41.298722999999995,1963-10-11,78898765,115.0,From Russia with Love
41.286336,1962-12-10,69995385,216.0,Lawrence of Arabia
41.273567,2001-03-13,96976270,131.0,Enemy at the Gates
41.258956,2009-10-23,46471023,87.0,Fantastic Mr. Fox
41.258487,2015-04-16,107597242,94.0,Paul Blart: Mall Cop 2
41.249004,1994-02-04,107217396,86.0,Ace Ventura: Pet Detective
41.247402,2013-09-26,248384621,95.0,Cloudy with a Chance of Meatballs 2
41.207568,1998-11-20,250649836,132.0,Enemy of the State
41.176631,2006-06-22,237681299,107.0,Click
41.156217,2004-06-18,167722310,92.0,DodgeBall: A True Underdog Story
41.089863,1985-02-20,0,132.0,Brazil
41.083914,2012-05-16,68263166,94.0,Moonrise Kingdom
41.075532,2009-11-25,27635305,111.0,The Road
41.045084,2012-03-29,77712439,110.0,Sinister
40.903931,2011-09-09,177243185,115.0,The Descendants
40.748915000000004,1999-06-29,222104681,106.0,Wild Wild West
40.723459000000005,2012-01-19,355692760,94.0,Journey 2: The Mysterious Island
40.721373,2013-02-13,60052138,124.0,Beautiful Creatures
40.715623,2002-03-15,102984862,100.0,Resident Evil
40.688426,2011-10-02,17693675,100.0,Shame
40.646102,2007-02-16,137587063,96.0,Bridge to Terabithia
40.631671000000004,1997-12-24,39673162,154.0,Jackie Brown
40.597856,2009-06-11,150166126,106.0,The Taking of Pelham 1 2 3
40.597344,2008-06-05,201596308,113.0,You Don't Mess with the Zohan
40.526587,2011-07-21,150483765,109.0,Friends with Benefits
40.413191,1993-06-11,920100000,127.0,Jurassic Park
40.379965999999996,1992-12-11,243240178,138.0,A Few Good Men
40.371097999999996,2015-03-15,3324330,137.0,Child 44
40.370442,1997-02-27,41954997,127.0,Donnie Brasco
40.28709,2015-02-20,43528634,100.0,The DUFF
40.28635,2013-07-17,60700000,103.0,Kick-Ass 2
40.285095,2011-09-08,4105187,101.0,The Raid
40.262260999999995,2013-08-07,174578751,106.0,Percy Jackson: Sea of Monsters
40.20395,2000-11-02,264105545,98.0,Charlie's Angels
40.196514,2008-09-07,44703995,109.0,The Wrestler
40.176265,2001-08-03,165335153,115.0,The Princess Diaries
40.138009000000004,2005-08-26,105316267,118.0,The Brothers Grimm
40.137264,2002-07-26,296655431,94.0,Austin Powers in Goldmember
40.072583,1998-12-25,98126565,170.0,The Thin Red Line
40.06688,1995-11-22,116112375,178.0,Casino
40.016306,2015-05-08,187112,95.0,Maggie
39.920035,2012-04-04,234989584,113.0,American Reunion
39.890798,1987-06-24,38119483,96.0,Spaceballs
39.882276,2014-11-27,259207227,95.0,Paddington
39.873791,2016-06-01,245623848,112.0,Teenage Mutant Ninja Turtles: Out of the Shadows
39.784026000000004,2004-04-09,30411183,108.0,The Girl Next Door
39.756747999999995,1954-04-26,271841,207.0,Seven Samurai
39.744242,2009-11-04,325233863,96.0,A Christmas Carol
39.742009,2000-08-30,71868327,106.0,"O Brother, Where Art Thou?"
39.604363,1999-11-08,361832400,128.0,The World Is Not Enough
39.58676,2008-07-19,187479518,100.0,Ponyo
39.539045,2012-08-03,107139399,90.0,ParaNorman
39.448066,2013-07-18,61648500,96.0,R.I.P.D.
39.395881,2012-07-26,68267862,98.0,The Watch
39.381913,2007-12-25,41797066,94.0,Aliens vs Predator: Requiem
39.338097,1988-07-16,553171,124.0,Akira
39.337949,2015-10-20,62076141,111.0,Brooklyn
39.324831,1998-02-27,27200316,100.0,Dark City
39.30982,1959-03-18,25000000,122.0,Some Like It Hot
39.127082,2011-03-24,89792502,110.0,Sucker Punch
39.019228999999996,2004-11-21,167298192,175.0,Alexander
39.006187,2016-02-05,63647656,106.0,"Hail, Caesar!"
39.004588,2013-06-27,205366737,131.0,White House Down
39.001682,2000-06-22,149270999,116.0,"Me, Myself & Irene"
38.994296999999996,2012-02-14,156974557,103.0,This Means War
38.94708,2015-09-10,98450062,94.0,The Visit
38.924136,2002-11-26,109578115,95.0,Treasure Planet
38.885195,2010-07-27,47664559,112.0,Scott Pilgrim vs. the World
38.864027,2010-06-24,271430189,102.0,Grown Ups
38.832842,2008-12-25,200276000,121.0,Valkyrie
38.831920000000004,2005-01-06,80578934,94.0,Hostel
38.820858,2011-09-08,137551594,106.0,Contagion
38.802415,2013-03-27,24261569,101.0,Trance
38.799596,2000-03-16,53302314,98.0,Final Destination
38.771062,1964-09-12,14500000,99.0,A Fistful of Dollars
38.73494,2014-02-07,272912430,92.0,Mr. Peabody & Sherman
38.729418,1994-07-14,378882411,141.0,True Lies
38.688821999999995,2011-01-21,147780440,107.0,No Strings Attached
38.653969000000004,1985-05-21,300400432,96.0,Rambo: First Blood Part II
38.643914,2011-02-16,130786397,113.0,Unknown
38.634767,2012-06-20,112265139,94.0,Abraham Lincoln: Vampire Hunter
38.629763,2011-12-22,120081841,124.0,We Bought a Zoo
38.623178,2007-02-14,80573774,121.0,Hot Fuzz
38.616744,2015-12-25,242786137,96.0,Daddy's Home
38.555482,2011-08-12,157887643,92.0,Final Destination 5
38.473732,2005-08-11,109449237,116.0,The 40 Year Old Virgin
38.429648,2012-12-20,88058786,134.0,This Is 40
38.306954,2012-12-19,132820716,157.0,Zero Dark Thirty
38.279458,2016-05-12,93282604,98.0,Money Monster
38.272889,1987-06-02,76270454,119.0,The Untouchables
38.217079999999996,2013-06-12,126041322,107.0,This Is the End
38.204158,1984-11-14,25504513,91.0,A Nightmare on Elm Street
38.179483000000005,2016-01-22,64188367,97.0,The Boy
38.171417,2004-02-25,611899420,127.0,The Passion of the Christ
38.150787,2016-06-08,1333124,117.0,The Neon Demon
38.126095,2015-08-05,167977596,100.0,Fantastic Four
38.125008,2013-12-18,173649015,119.0,Anchorman 2: The Legend Continues
38.100488,2008-05-07,170000000,99.0,What Happens in Vegas
38.0958,2001-09-28,60780981,89.0,Zoolander
38.068736,2003-07-18,273339556,147.0,Bad Boys II
38.061679999999996,2010-04-08,152263880,97.0,Date Night
38.018085,2002-09-09,97837138,81.0,Phone Booth
38.006982,2015-08-26,54418872,103.0,No Escape
37.990705,2011-07-29,142851197,118.0,"Crazy, Stupid, Love."
37.960289,1965-03-02,286214286,174.0,The Sound of Music
37.917002000000004,2011-11-10,226904017,110.0,Immortals
37.885022,1997-12-19,314178011,139.0,As Good as It Gets
37.821106,2014-01-29,26049082,94.0,That Awkward Moment
37.817904999999996,2007-12-28,77208711,158.0,There Will Be Blood
37.776565999999995,1992-09-25,75505856,112.0,The Last of the Mohicans
37.729059,2013-02-07,97594140,115.0,Safe Haven
37.698465,2010-11-04,167805466,98.0,Unstoppable
37.68056,2005-07-20,162949164,136.0,The Island
37.668301,2010-05-12,310669540,140.0,Robin Hood
37.654688,2013-06-27,158674180,117.0,The Heat
37.629309,2014-12-30,12007070,125.0,A Most Violent Year
37.555398,2014-07-18,336472,106.0,I Origins
37.537093,2002-04-16,165333180,92.0,The Scorpion King
37.507135999999996,2008-10-10,113280098,128.0,Body of Lies
37.492928000000006,2009-08-14,101229792,107.0,The Time Traveler's Wife
37.44963,1997-11-12,162000000,109.0,Alien: Resurrection
37.380435,1992-08-07,159157447,131.0,Unforgiven
37.378081,2007-03-22,95696996,124.0,Shooter
37.355826,2003-01-31,90426405,90.0,Final Destination 2
37.335721,2015-09-30,61181942,123.0,The Walk
37.321847999999996,2010-07-10,140073390,97.0,Legend of the Guardians: The Owls of Ga'Hoole
37.272385,2006-11-16,384335608,108.0,Happy Feet
37.253774,2016-02-06,55969000,100.0,Zoolander 2
37.195046000000005,2011-09-28,299268508,127.0,Real Steel
37.181019,2009-10-01,64352607,123.0,The Imaginarium of Doctor Parnassus
37.179547,1991-11-22,191502426,99.0,The Addams Family
37.117362,1981-12-24,24600832,95.0,Mad Max 2: The Road Warrior
37.104353,2007-11-21,57096190,126.0,The Mist
37.084384,2013-12-24,149295601,121.0,Lone Survivor
37.073127,2003-09-07,244931766,135.0,Love Actually
37.069253,2011-06-08,260095987,112.0,Super 8
37.054553999999996,2000-03-31,76432727,89.0,The Road to El Dorado
37.02665,2011-02-10,214918407,117.0,Just Go with It
36.973031,2003-11-14,212011111,138.0,Master and Commander: The Far Side of the World
36.960953,2006-08-18,86915017,110.0,The Illusionist
36.952268,2015-02-05,311594032,93.0,The SpongeBob Movie: Sponge Out of Water
36.921445,2006-02-24,56308881,110.0,Lucky Number Slevin
36.819044,2013-04-11,78378744,86.0,Scary Movie 5
36.788745,2001-06-07,147080413,99.0,Swordfish
36.764666,2010-03-12,0,113.0,Remember Me
36.743324,2011-11-02,152930623,104.0,Tower Heist
36.711378,2013-05-15,268426634,102.0,Epic
36.689223,2005-04-27,71073932,101.0,xXx: State of the Union
36.670398999999996,2001-05-11,117487473,132.0,A Knight's Tale
36.664991,2009-09-24,122444772,89.0,Surrogates
36.65422,2011-07-29,563749323,103.0,The Smurfs
36.605246,2011-08-31,132274484,110.0,The Three Musketeers
36.585509,2003-10-24,220673217,84.0,Scary Movie 3
36.58383,2005-09-16,121147947,135.0,Pride & Prejudice
36.582038,1985-06-29,36230219,107.0,Mad Max Beyond Thunderdome
36.556954,1952-04-10,7200000,103.0,Singin' in the Rain
36.471231,2014-05-08,268157400,96.0,Neighbors
36.444894,1974-12-15,86273333,106.0,Young Frankenstein
36.432598,2001-08-10,287553595,108.0,American Pie 2
36.423716999999996,2004-04-30,129042871,97.0,Mean Girls
36.38795,1997-07-25,315156409,124.0,Air Force One
36.368839,2006-07-21,140175006,91.0,Monster House
36.32705,2006-04-22,343397247,83.0,Over the Hedge
36.319205,2013-10-06,32935319,105.0,Inside Llewyn Davis
36.307296,2012-11-09,275293450,149.0,Lincoln
36.301202,2015-03-26,111811453,100.0,Get Hard
36.238968,2009-06-01,317375031,108.0,The Proposal
36.230204,1982-06-04,122200000,114.0,Poltergeist
36.194802,2003-08-01,231449203,103.0,American Wedding
36.173598,2011-05-26,21817298,136.0,Melancholia
36.172182,1992-05-15,321731527,118.0,Lethal Weapon 3
36.167578000000006,2009-03-19,381509870,94.0,Monsters vs Aliens
36.15716,1997-05-02,67683989,94.0,Austin Powers: International Man of Mystery
36.133536,2010-10-21,136150434,90.0,Saw: The Final Chapter
36.125715,1996-11-15,250200000,88.0,Space Jam
36.069611,1998-11-12,142940100,178.0,Meet Joe Black
35.897151,2012-06-28,167221571,110.0,Magic Mike
35.892034,1977-04-19,38251425,93.0,Annie Hall
35.871248,2013-09-08,44030246,104.0,Oculus
35.814765,2001-08-03,347325802,90.0,Rush Hour 2
35.777066999999995,1994-12-16,247275374,107.0,Dumb and Dumber
35.754865,2013-05-30,10337387,90.0,Only God Forgives
35.737655,2013-11-27,43058898,100.0,Homefront
35.735689,2013-09-07,63464861,104.0,Begin Again
35.695442,2004-10-22,183474602,92.0,The Grudge
35.674774,1987-03-13,5923044,84.0,Evil Dead II
35.6585,2011-09-15,160078586,101.0,Johnny English Reborn
35.601665000000004,2007-11-05,195735876,115.0,Beowulf
35.580815,2010-07-13,215283742,109.0,The Sorcerer's Apprentice
35.580032,2005-09-13,186438883,136.0,Walk the Line
35.542809000000005,2009-04-16,34560577,96.0,Crank: High Voltage
35.537397,1998-12-25,202292902,115.0,Patch Adams
35.53352,2007-09-02,14711793,160.0,The Assassination of Jesse James by the Coward Robert Ford
35.524457,1980-11-14,23000000,129.0,Raging Bull
35.522027,2013-03-01,48065672,93.0,21 & Over
35.481169,2007-09-14,55112356,100.0,Eastern Promises
35.4763,2005-03-04,113006880,95.0,The Pacifier
35.395129,2013-03-20,35485608,140.0,The Place Beyond the Pines
35.387874,2006-09-22,69959751,109.0,Children of Men
35.384423,2015-07-29,97571250,92.0,The Little Prince
35.376971000000005,2001-07-04,141220678,83.0,Scary Movie 2
35.350303000000004,2013-01-01,32438988,90.0,Movie 43
35.310712,2001-04-13,281929795,97.0,Bridget Jones's Diary
35.307577,2014-12-05,43884652,99.0,Still Alice
35.268557,1993-09-09,12281551,120.0,True Romance
35.252056,2004-02-09,8203235,101.0,The Machinist
35.244037,1997-12-09,172363301,120.0,Scream 2
35.232278,2012-04-12,32204030,95.0,Lockout
35.227212,1982-11-30,77737889,191.0,Gandhi
35.21926,2011-04-11,97138686,111.0,Scream 4
35.169779,2007-07-12,94679598,104.0,1408
35.149586,2004-06-25,783766341,127.0,Spider-Man 2
35.120736,2015-11-12,50363790,123.0,Concussion
35.108498,2002-03-29,38275483,92.0,National Lampoon’s Van Wilder
35.107857,2006-03-10,69623713,107.0,The Hills Have Eyes
35.099610999999996,2004-04-15,54700105,124.0,The Punisher
35.061467,1963-06-20,11744471,172.0,The Great Escape
35.037625,1981-10-15,29400000,85.0,The Evil Dead
35.022028999999996,2013-10-25,71009334,117.0,The Counselor
34.981698,2003-06-19,245360480,138.0,Hulk
34.973086,1999-09-27,108000000,114.0,Three Kings
34.938177,2006-03-15,70000000,137.0,The Lives of Others
34.917446999999996,1999-01-22,30471,108.0,The Boondock Saints
34.890999,2014-10-01,97437106,95.0,The Book of Life
34.868590000000005,1999-06-25,234801895,93.0,Big Daddy
34.828241,2005-09-16,24127895,122.0,Lord of War
34.821222999999996,2008-05-07,20416563,94.0,The Boy in the Striped Pyjamas
34.773106,2012-02-09,208076205,115.0,Safe House
34.759855,2007-04-26,64238440,100.0,28 Weeks Later
34.694216,2013-07-25,99206215,98.0,Blue Jasmine
34.634181,1971-12-13,116019547,120.0,Diamonds Are Forever
34.628738,2005-09-23,60740827,96.0,A History of Violence
34.576913,2005-02-10,368100420,118.0,Hitch
34.532418,2013-03-14,68572378,94.0,The Call
34.519636,2014-04-16,196781193,109.0,The Other Woman
34.433521,2002-10-02,43928932,92.0,The Transporter
34.421696000000004,2010-11-18,51148651,133.0,The Next Three Days
34.391791999999995,1995-11-10,212385533,90.0,Ace Ventura: When Nature Calls
34.36645,1995-07-18,254134910,89.0,Babe
34.308098,2015-11-05,246233113,88.0,The Peanuts Movie
34.224204,1985-10-03,57500000,90.0,Commando
34.20669,2001-05-21,449220945,183.0,Pearl Harbor
34.160447999999995,2004-10-17,116766556,106.0,Finding Neverland
34.070054,1998-05-08,140464664,120.0,Deep Impact
34.052253,2003-08-08,116643346,117.0,S.W.A.T.
34.041407,2012-01-13,46221189,102.0,Man on a Ledge
34.035114,2001-06-29,235926552,146.0,A.I. Artificial Intelligence
34.022209000000004,1983-06-07,90400000,116.0,Trading Places
34.005726,2013-02-07,173965010,111.0,Identity Thief
33.98637,1990-06-15,41482207,106.0,Gremlins 2: The New Batch
33.93914,2014-10-16,35926213,117.0,The Best of Me
33.926473,2010-03-26,64572262,101.0,Hot Tub Time Machine
33.923786,2008-12-10,113019290,124.0,The Reader
33.912116,2013-04-05,97542952,91.0,Evil Dead
33.884459,1999-11-04,151493655,118.0,The Bone Collector
33.872182,1995-04-07,141407024,118.0,Bad Boys
33.8473,1997-10-17,152944660,144.0,The Devil's Advocate
33.785969,2011-07-27,60965854,108.0,Colombiana
33.769335999999996,2010-06-30,318502923,103.0,The Last Airbender
33.758281,1992-10-09,0,81.0,Army of Darkness
33.747825,2010-03-16,136000000,110.0,The Bounty Hunter
33.704181,2009-09-05,163670000,109.0,Up in the Air
33.691694,2009-07-01,214104620,140.0,Public Enemies
33.649652,2011-09-16,0,127.0,Tinker Tailor Soldier Spy
33.648404,1991-12-11,300854823,144.0,Hook
33.625477000000004,2015-05-21,0,96.0,Survivor
33.616115,2003-06-27,259175788,106.0,Charlie's Angels: Full Throttle
33.555764,2003-05-30,28650575,84.0,Wrong Turn
33.507289,2015-12-03,133718711,114.0,Point Break
33.452469,2014-10-03,19682924,110.0,Left Behind
33.439187,2014-12-19,133821816,119.0,Annie
33.436091999999995,2007-08-17,121463226,113.0,Superbad
33.394082,2007-10-17,75505973,113.0,30 Days of Night
33.385428999999995,2009-01-09,114663461,89.0,Bride Wars
33.372828000000005,2011-09-30,39187783,100.0,50/50
33.369305,2007-08-29,129266061,123.0,Atonement
33.296684,2013-07-26,0,90.0,Don Jon
33.283553999999995,2002-01-25,41227069,101.0,A Walk to Remember
33.282794,1993-12-17,30000000,118.0,What's Eating Gilbert Grape
33.238296000000005,2004-01-16,171963386,90.0,Along Came Polly
33.142185,1979-04-12,100000000,93.0,Mad Max
33.124871,2006-10-27,163876815,108.0,Saw III
33.003828000000006,2013-09-02,90247624,123.0,Rush
32.943847999999996,2008-10-23,113857533,92.0,Saw V
32.940597,2015-01-30,32248241,106.0,Project Almanac
32.927994,2006-04-21,97607453,125.0,Silent Hill
32.908414,2004-03-12,92913171,96.0,Secret Window
32.875469,1940-11-13,83320000,124.0,Fantasia
32.854557,2015-09-09,42972994,131.0,Legend
32.852443,2009-08-04,302469017,118.0,G.I. Joe: The Rise of Cobra
32.841229,2010-09-24,19152480,94.0,Buried
32.835777,2011-06-17,187361754,94.0,Mr. Popper's Penguins
32.829538,2004-12-22,516642939,115.0,Meet the Fockers
32.808675,2014-05-22,0,116.0,A Million Ways to Die in the West
32.798571,2002-11-08,215000000,110.0,8 Mile
32.758254,2008-08-15,96408652,96.0,Vicky Cristina Barcelona
32.746486,2012-09-28,115350426,112.0,Pitch Perfect
32.717853000000005,2016-02-18,6212282,112.0,Midnight Special
32.693093,2009-03-19,155446362,121.0,Knowing
32.690038,2005-09-05,15785148,103.0,Kiss Kiss Bang Bang
32.657488,1998-09-25,41610884,122.0,Ronin
32.624355,2000-12-14,212000000,111.0,Miss Congeniality
32.602868,2005-09-09,144216468,122.0,The Exorcism of Emily Rose
32.579696999999996,1990-01-19,48572000,96.0,Tremors
32.549282,2006-04-13,178262620,83.0,Scary Movie 4
32.523573,2013-05-21,8371085,142.0,The Great Beauty
32.478077,2009-08-26,186167139,82.0,The Final Destination
32.476098,2002-05-22,792,97.0,Irreversible
32.473628000000005,2013-07-30,347434178,105.0,The Smurfs 2
32.445895,2004-09-08,92180910,156.0,Downfall
32.389353,2010-12-21,310650585,98.0,Little Fockers
32.363538,2010-01-14,157107755,118.0,The Book of Eli
32.351527000000004,1927-01-10,650422,153.0,Metropolis
32.319043,2011-11-22,185770160,126.0,Hugo
32.31022,2006-03-01,65664721,105.0,16 Blocks
32.306455,2012-09-07,19422261,110.0,Seven Psychopaths
32.271938,2004-07-22,82102379,104.0,Catwoman
32.26789,2006-09-09,53653224,113.0,Stranger Than Fiction
32.257414000000004,2009-09-18,31556061,100.0,Jennifer's Body
32.243357,2003-09-06,60427839,124.0,21 Grams
32.233713,2005-03-17,161451538,110.0,The Ring Two
32.227222999999995,2005-11-04,96889998,125.0,Jarhead
32.217425,2002-12-26,306776732,113.0,Chicago
32.14444,2013-06-06,23198652,103.0,The Way Way Back
32.105328,2013-08-16,115922175,132.0,The Butler
32.079995000000004,1996-05-10,494471524,113.0,Twister
32.05145,2005-09-22,223387299,98.0,Flightplan
32.044191,1993-06-18,137298489,130.0,Last Action Hero
32.015477000000004,2011-08-05,75450437,112.0,The Change-Up
31.974359000000003,2016-08-10,143695338,102.0,Pete's Dragon
31.957946999999997,2013-11-16,112544580,125.0,Saving Mr. Banks
31.941346999999997,2008-09-05,163720069,96.0,Burn After Reading
31.92695,2012-04-16,40346186,94.0,Safe
31.900899,2009-10-22,68233629,90.0,Saw VI
31.893932,2013-04-18,86175291,130.0,Pain & Gain
31.887978000000004,2008-09-04,25739015,114.0,RockNRolla
31.884559000000003,2013-04-12,95020213,128.0,42
31.856589000000003,2012-07-06,82966152,131.0,Savages
31.82675,1984-10-26,51973029,160.0,Amadeus
31.802807,1982-04-02,79114085,129.0,Conan the Barbarian
31.792964,1998-12-11,289317794,122.0,Shakespeare in Love
31.791978999999998,1996-05-31,115267375,103.0,DragonHeart
31.789029,2000-06-21,224834564,84.0,Chicken Run
31.763201000000002,2012-02-10,0,97.0,LOL
31.719463,2007-03-02,253625427,100.0,Wild Hogs
31.703608000000003,2011-01-12,227817248,119.0,The Green Hornet
31.691616999999997,2007-04-10,30448000,78.0,[REC]
31.690456,2007-04-12,117760134,105.0,Disturbia
31.64341,2006-02-10,117719158,93.0,Final Destination 3
31.60985,2001-05-16,20117339,147.0,Mulholland Drive
31.586215000000003,2009-10-16,100086793,101.0,Where the Wild Things Are
31.565116999999997,2015-11-26,61548707,98.0,Krampus
31.482871999999997,2016-06-18,875958308,87.0,The Secret Life of Pets
31.435539000000002,2002-06-14,275650703,88.0,Scooby-Doo
31.39165,2000-12-15,374111707,127.0,What Women Want
31.385257,1999-12-25,128798265,139.0,The Talented Mr. Ripley
31.364901,2012-01-12,63100000,109.0,Contraband
31.349142999999998,2012-05-15,179379533,83.0,The Dictator
31.339015000000003,2007-06-10,0,87.0,The Man from Earth
31.324734000000003,2014-01-22,71154592,92.0,"I, Frankenstein"
31.305335999999997,2007-12-25,175372502,97.0,The Bucket List
31.294717,1988-05-24,189015611,102.0,Rambo III
31.250383000000003,2009-01-15,183293131,91.0,Paul Blart: Mall Cop
31.242998999999998,2003-10-07,156822020,138.0,Mystic River
31.191975,2011-04-07,63782078,111.0,Hanna
31.162838,2014-08-21,78874843,106.0,If I Stay
31.160542,2007-07-13,90450008,117.0,Hairspray
31.086790999999998,1998-07-16,250288523,136.0,The Mask of Zorro
31.066874,2011-12-24,55247881,129.0,Extremely Loud & Incredibly Close
31.054334000000004,2005-10-24,142400065,129.0,The Legend of Zorro
31.035999999999998,1965-12-16,141195658,130.0,Thunderball
31.02233,2009-04-01,36348784,116.0,The Boat That Rocked
31.019381,2010-12-17,93617009,116.0,The Fighter
30.993736,1999-12-08,48451803,188.0,Magnolia
30.983396999999997,2010-09-15,9455232,104.0,Never Let Me Go
30.981603999999997,2010-01-21,67918658,100.0,Legion
30.952377000000002,2011-05-12,3964682,88.0,Attack the Block
30.951203000000003,2008-12-25,244082376,115.0,Marley & Me
30.934688,2010-01-13,33583175,80.0,Devil
30.920075,2001-10-22,50315140,120.0,K-PAX
30.909699,2008-11-26,54586584,128.0,Milk
30.884534999999996,1993-11-24,441286195,125.0,Mrs. Doubtfire
30.863434,2006-12-14,249288105,104.0,Eragon
30.863082000000002,2012-06-22,9636289,101.0,Seeking a Friend for the End of the World
30.816340999999998,1999-12-23,90683916,102.0,Galaxy Quest
30.780599,2008-07-03,609841637,108.0,Mamma Mia!
30.695228000000004,2008-01-10,160259319,111.0,27 Dresses
30.669913,2005-10-26,85306374,124.0,Match Point
30.656345,2014-09-10,108255770,97.0,The Boxtrolls
30.583959000000004,2004-07-28,26781723,102.0,Garden State
30.556134999999998,2013-02-21,42930462,112.0,Snitch
30.537845,1993-12-25,56505065,130.0,Tombstone
30.515175,1980-12-04,190458706,127.0,Superman II
30.477114,2015-10-02,36606743,100.0,Burnt
30.475296999999998,1999-12-17,300135367,84.0,Stuart Little
30.465138,1973-07-05,161777836,121.0,Live and Let Die
30.445257,2006-12-20,155721132,102.0,Rocky Balboa
30.397496000000004,1995-03-10,189859560,127.0,Outbreak
30.387753999999997,2008-02-28,64822796,112.0,The Bank Job
30.387148,2011-02-24,28931401,105.0,Drive Angry
30.380746999999996,2005-09-04,192452832,85.0,The Curse of the Were-Rabbit
30.359164,1999-08-24,58401898,133.0,The Ninth Gate
30.347332,2000-03-17,256271286,131.0,Erin Brockovich
30.301307,1978-10-25,70000000,91.0,Halloween
30.271065999999998,1980-10-02,26010864,124.0,The Elephant Man
30.254021,2010-03-11,94882889,115.0,Green Zone
30.214715999999996,1974-12-01,97572000,125.0,The Man with the Golden Gun
30.205942999999998,2005-04-15,108047131,90.0,The Amityville Horror
30.196039000000003,2002-12-16,13060843,135.0,25th Hour
30.131497999999997,1987-11-13,38122105,101.0,The Running Man
30.114383,2013-10-10,51164106,105.0,Delivery Man
30.058263,2013-01-01,19255873,124.0,The Best Offer
30.002907,2004-08-06,95149435,113.0,The Princess Diaries 2: Royal Engagement
30.001023999999997,2016-04-15,3220371,95.0,Green Room
29.972240000000003,2000-10-06,330444045,108.0,Meet the Parents
29.954302000000002,2005-11-30,52304001,93.0,Æon Flux
29.943315999999996,2011-05-15,133432856,100.0,The Artist
29.913529999999998,2011-03-02,245724603,107.0,Rango
29.887403999999997,1979-06-26,210308099,126.0,Moonraker
29.887359999999997,2006-06-16,114830111,99.0,The Lake House
29.880121999999997,2004-09-10,129394835,94.0,Resident Evil: Apocalypse
29.876507,2015-12-24,101134059,124.0,Joy
29.854772999999998,2001-11-01,141069860,114.0,Shallow Hal
29.852608,1988-11-23,13008928,94.0,They Live
29.843818,1984-11-29,316360478,105.0,Beverly Hills Cop
29.834065000000002,1994-03-09,254700832,117.0,Four Weddings and a Funeral
29.796394,1986-05-30,11000000,99.0,Big Trouble in Little China
29.787135,1997-08-15,26673242,96.0,Event Horizon
29.782161,2014-03-14,5380251,108.0,Under the Skin
29.775440999999997,2012-07-26,140470746,99.0,Step Up Revolution
29.761163,2015-06-19,17986781,103.0,Dope
29.660992999999998,2015-07-01,122513057,115.0,Magic Mike XXL
29.652535999999998,2015-05-27,26250020,105.0,Aloha
29.647844,2013-03-08,18074539,118.0,Dead Man Down
29.608321999999998,2016-08-17,94061311,125.0,Ben-Hur
29.558157,2005-03-10,260696994,91.0,Robots
29.543331,1975-12-18,20000000,184.0,Barry Lyndon
29.533437,2007-11-21,66122026,114.0,August Rush
29.505574,2011-12-25,177584879,146.0,War Horse
29.501489000000003,2011-09-23,57777106,116.0,Killer Elite
29.498303999999997,1992-07-30,149022650,104.0,Death Becomes Her
29.490057,2013-01-18,19701164,109.0,Broken City
29.489273999999998,2007-11-15,156835339,126.0,P.S. I Love You
29.487784,2006-11-01,261572744,82.0,Borat: Cultural Learnings of America for Make Benefit Glorious Nation of Kazakhstan
29.464852,1998-12-15,218613188,99.0,The Prince of Egypt
29.415228999999997,1999-03-05,176885658,103.0,Analyze This
29.412262,2009-12-21,443140005,88.0,Alvin and the Chipmunks: The Squeakquel
29.381878000000004,1996-11-14,231976425,162.0,The English Patient
29.371987,2016-02-19,12639297,115.0,Triple 9
29.365851,2016-02-26,46152800,106.0,Eddie the Eagle
29.359201000000002,2014-07-01,0,118.0,Deliver Us from Evil
29.342744,2004-07-09,90574188,94.0,Anchorman: The Legend of Ron Burgundy
29.332905,2007-10-28,287594577,91.0,Bee Movie
29.295801,2009-07-24,41596251,123.0,Orphan
29.262427000000002,1974-10-01,30859000,83.0,The Texas Chain Saw Massacre
29.261347999999998,2005-10-20,55987321,105.0,Doom
29.257137,2009-12-26,93525586,136.0,The Lovely Bones
29.253833,1986-03-07,5900000,116.0,Highlander
29.244768,2007-10-25,139352633,93.0,Saw IV
29.230297999999998,2013-12-06,15400000,116.0,Out of the Furnace
29.223881,2013-09-21,17654912,115.0,Nebraska
29.21998,2007-11-20,340487652,107.0,Enchanted
29.211254999999998,2003-03-28,74208267,136.0,The Core
29.173265999999998,2008-02-08,55447968,112.0,"Definitely, Maybe"
29.15813,2011-10-19,205703818,83.0,Paranormal Activity 3
29.105407,2005-07-29,91974818,104.0,The Skeleton Key
29.072964000000002,2013-09-12,15008161,107.0,Machete Kills
29.071955,2007-08-27,44000000,105.0,The Orphanage
29.041197999999998,2013-01-10,105200903,113.0,Gangster Squad
29.035221999999997,2005-12-22,130358911,164.0,Munich
29.023184000000004,2014-12-25,66787908,127.0,Selma
29.019503999999998,2013-11-01,100129872,98.0,Philomena
29.018826,2003-12-25,96269812,119.0,Paycheck
29.01153,2005-09-05,24793509,92.0,Thank You for Smoking
28.98027,1998-03-12,0,132.0,The Man in the Iron Mask
28.973074,2008-02-14,150816700,98.0,Step Up 2: The Streets
28.969151,1999-05-13,363889678,124.0,Notting Hill
28.964161999999998,1994-05-26,341631208,91.0,The Flintstones
28.867568,2010-02-26,54956140,101.0,The Crazies
28.858238,2009-06-01,110197,94.0,Dogtooth
28.848841999999998,2004-03-05,170268750,101.0,Starsky & Hutch
28.848187,2002-08-02,408247917,106.0,Signs
28.840996999999998,2008-11-18,49554002,165.0,Australia
28.819423999999998,2015-08-26,11122090,96.0,We Are Your Friends
28.803802,2004-11-10,40203020,108.0,Bridget Jones: The Edge of Reason
28.803728999999997,1991-06-14,390493908,143.0,Robin Hood: Prince of Thieves
28.800112,2010-08-12,204594016,133.0,Eat Pray Love
28.727731,2000-12-14,152500343,121.0,Chocolat
28.725621000000004,1998-07-29,44547681,140.0,The Negotiator
28.703007,2004-06-23,113086475,109.0,White Chicks
28.675890999999996,1967-06-12,111584787,117.0,You Only Live Twice
28.670477,2013-01-23,46216641,118.0,Parker
28.670192999999998,1988-11-18,84460846,69.0,The Land Before Time
28.624038,1994-03-18,51132598,83.0,The Naked Gun 33⅓: The Final Insult
28.613892,2005-01-13,56681566,97.0,Elektra
28.605420000000002,2004-09-11,38000000,121.0,Hotel Rwanda
28.570173999999998,2014-12-24,28883511,105.0,Big Eyes
28.540614,2013-10-18,6108720,106.0,All Is Lost
28.540267,1998-12-17,250821495,119.0,You've Got Mail
28.529607000000002,2011-06-28,1123746996,154.0,Transformers: Dark of the Moon
28.500913,1973-12-25,159616327,129.0,The Sting
28.497242,2011-05-16,216197492,92.0,Bad Teacher
28.468000000000004,2014-01-07,153997819,99.0,Ride Along
28.456571999999998,1984-06-22,90815558,126.0,The Karate Kid
28.397047999999998,2016-02-04,16374328,108.0,Pride and Prejudice and Zombies
28.353517,2009-09-08,20645327,108.0,Pandorum
28.350927000000002,2011-05-05,78309131,87.0,Priest
28.350528999999998,2001-04-04,83282296,124.0,Blow
28.27648,1936-02-05,8500000,87.0,Modern Times
28.227984000000003,2002-04-26,129000000,101.0,About a Boy
28.223664000000003,2016-01-25,52099090,114.0,The Finest Hours
28.223163,2004-01-13,98410061,112.0,Crash
28.221190000000004,1989-07-07,156167015,133.0,Licence to Kill
28.200874,2000-08-04,190213455,112.0,Hollow Man
28.069419,2011-11-09,84606030,137.0,J. Edgar
28.060471999999997,2013-07-18,5496951,105.0,The Frozen Ground
28.043508000000003,2013-10-31,134402450,105.0,Last Vegas
28.029015,2003-04-06,160583018,88.0,Johnny English
28.019226,2009-01-06,51416464,98.0,Daybreakers
27.990284000000003,2002-07-19,169956806,78.0,Stuart Little 2
27.940093,2006-09-01,495303,84.0,Idiocracy
27.934978000000005,1990-11-20,57120318,108.0,Predator 2
27.916284,2010-02-05,52826594,92.0,From Paris with Love
27.908783000000003,2012-10-04,35287788,87.0,Frankenweenie
27.903999,2014-03-28,17508518,110.0,Sabotage
27.898438,2014-08-06,88880821,122.0,The Hundred-Foot Journey
27.891012,2016-04-14,14708696,113.0,Criminal
27.870755,2004-11-14,140161792,87.0,The SpongeBob SquarePants Movie
27.870312,1999-07-14,162091208,159.0,Eyes Wide Shut
27.867368,2015-12-17,233755553,92.0,Alvin and the Chipmunks: The Road Chip
27.835435999999998,2004-06-11,115772733,119.0,The Chronicles of Riddick
27.788066999999998,1998-07-10,3221152,84.0,Pi
27.724913,2002-10-25,68349884,91.0,Ghost Ship
27.714043,1991-11-15,182300000,128.0,Cape Fear
27.71063,2012-04-27,53909751,124.0,The Five-Year Engagement
27.684779,1997-04-11,136885767,89.0,Anaconda
27.683874,2007-03-22,229736344,90.0,Mr. Bean's Holiday
27.662696,2014-03-15,600896,95.0,The Signal
27.65527,2006-07-27,88489643,119.0,The Host
27.654472,1997-10-17,125586134,100.0,I Know What You Did Last Summer
27.631262,2009-09-03,40828540,95.0,Gamer
27.615108000000003,2002-07-12,43061982,101.0,Reign of Fire
27.600842999999998,1988-11-08,44196684,87.0,Child's Play
27.568194000000002,2008-08-20,72108608,101.0,Babylon A.D.
27.555646000000003,2003-09-11,98185582,102.0,Once Upon a Time in Mexico
27.546914,1999-09-30,22863596,112.0,Being John Malkovich
27.509159999999998,2008-01-30,113020255,141.0,Changeling
27.494037,2010-05-11,49830607,101.0,The Switch
27.491891,2004-07-30,256697520,108.0,The Village
27.465433,2002-02-15,102244770,116.0,John Q
27.462640000000004,2011-07-06,169852759,102.0,Zookeeper
27.36562,1998-08-20,7267585,81.0,Run Lola Run
27.332559999999997,1991-06-28,86930411,85.0,The Naked Gun 2½: The Smell of Fear
27.326465999999996,2008-09-18,42105111,102.0,Zack and Miri Make a Porno
27.322212,2013-02-28,12077441,99.0,Stoker
27.303608,2003-11-21,141591324,98.0,Gothika
27.299301,2001-12-10,203388341,136.0,Vanilla Sky
27.256849,2014-02-12,34077920,103.0,Endless Love
27.247013,2015-07-30,58978653,108.0,The Gift
27.230493,1985-05-24,152427960,131.0,A View to a Kill
27.220157,1999-08-27,61698899,102.0,The 13th Warrior
27.215666,2015-10-01,17671101,106.0,Regression
27.197799,1999-06-30,0,81.0,"South Park: Bigger, Longer & Uncut"
27.173470000000002,1977-07-07,185438673,125.0,The Spy Who Loved Me
27.166757,2001-11-18,143049560,126.0,Spy Game
27.165221999999996,2013-10-22,151831537,92.0,Bad Grandpa
27.133277000000003,2011-09-30,27462041,99.0,A Dangerous Method
27.115890000000004,2011-02-25,83160734,105.0,Hall Pass
27.097932,2006-12-13,107944236,94.0,Arthur and the Invisibles
27.082182,2007-06-09,173000000,96.0,Evan Almighty
27.055085,2003-03-07,85632458,121.0,Tears of the Sun
27.039635999999998,1996-12-06,273552592,139.0,Jerry Maguire
27.018886,2008-12-11,57490374,106.0,Inkheart
27.009722999999997,2012-05-17,79700000,110.0,What to Expect When You're Expecting
26.967494,1981-09-16,85000000,149.0,Das Boot
26.952727000000003,1994-12-16,160638883,133.0,Legends of the Fall
26.9385,2013-03-14,27437881,100.0,The Incredible Burt Wonderstone
26.935458,2015-02-16,13644292,115.0,The Gunman
26.881611,2010-12-27,16566240,112.0,Blue Valentine
26.82041,1991-12-20,205405498,189.0,JFK
26.811541,2012-04-19,99357138,101.0,The Lucky One
26.799913,2012-10-11,73100172,105.0,Here Comes the Boom
26.79781,2000-07-30,113916474,100.0,Coyote Ugly
26.792794,2003-03-21,75715436,136.0,Dreamcatcher
26.780960999999998,2012-02-05,196114570,104.0,The Vow
26.721386,1997-03-21,181000000,86.0,Liar Liar
26.710397999999998,2009-07-21,292817841,88.0,G-Force
26.708192999999998,2014-07-25,31554855,121.0,A Most Wanted Man
26.69592,2003-08-15,114908830,97.0,Freddy vs. Jason
26.676486999999998,2009-09-19,171844840,113.0,Couples Retreat
26.61951,2006-09-29,197309027,83.0,Open Season
26.60772,2011-03-03,127869379,106.0,The Adjustment Bureau
26.598884,1996-02-16,41205099,92.0,Happy Gilmore
26.595983,2002-01-23,75395048,131.0,The Count of Monte Cristo
26.588729999999998,2003-11-26,76488889,91.0,Bad Santa
26.576385,1992-11-25,411006740,129.0,The Bodyguard
26.548594,2000-05-19,354248063,82.0,Dinosaur
26.516624,2003-12-24,190212113,98.0,Cheaper by the Dozen
26.510558000000003,2014-08-14,40100000,93.0,"As Above, So Below"
26.509175,2004-10-10,50907422,98.0,Team America: World Police
26.497025,2013-01-03,47241945,92.0,Texas Chainsaw 3D
26.441669,2002-12-06,32801173,114.0,Adaptation.
26.406001,2010-06-18,4242978,94.0,Monsters
26.396190999999998,2010-09-01,31327899,105.0,Machete
26.387040000000002,2012-09-06,68929150,130.0,Anna Karenina
26.373864,2009-03-25,8459458,96.0,Chloe
26.356696999999997,1979-06-22,43000000,111.0,Escape from Alcatraz
26.324873999999998,2010-11-23,23081726,98.0,Faster
26.286953999999998,2006-09-01,48027970,121.0,The Last King of Scotland
26.281839,2010-06-17,572809,108.0,I Spit on Your Grave
26.268209000000002,2010-11-11,66821036,100.0,Skyline
26.259389000000002,2011-09-28,19504039,107.0,Margin Call
26.257951000000002,2011-11-06,33372606,93.0,Haywire
26.253357,2009-02-06,177259441,129.0,He's Just Not That Into You
26.251216999999997,2006-06-01,204999686,106.0,The Break-Up
26.219597999999998,2008-04-25,43493123,107.0,Harold & Kumar Escape from Guantanamo Bay
26.218912,1999-04-21,10409377,97.0,The Virgin Suicides
26.21425,2008-03-04,41627431,115.0,Never Back Down
26.199089999999998,1993-05-28,255000211,112.0,Cliffhanger
26.181753,1993-09-24,7993039,102.0,Dazed and Confused
26.180367,1968-06-12,33395426,136.0,Rosemary's Baby
26.153669,1999-10-28,60289912,157.0,The Insider
26.134678,2001-10-19,74558115,122.0,From Hell
26.123704999999998,2007-08-22,86658558,110.0,The Kingdom
26.093042999999998,2006-05-25,7659918,100.0,A Scanner Darkly
26.090746,1981-06-23,195312802,127.0,For Your Eyes Only
26.090495,2015-08-19,52882018,97.0,Sinister 2
26.074907999999997,2001-07-02,85131830,106.0,Final Fantasy: The Spirits Within
26.072228,2011-03-17,85412898,119.0,The Lincoln Lawyer
26.071644,2001-12-28,92542418,132.0,I Am Sam
26.065735,2005-05-19,190320568,113.0,The Longest Yard
25.999888000000002,2005-02-02,50871113,103.0,Unleashed
25.996219,2000-09-29,136706683,113.0,Remember the Titans
25.978555,2002-03-04,123729176,96.0,The Time Machine
25.949277,1989-12-20,161001698,145.0,Born on the Fourth of July
25.939385,1976-06-06,60922980,111.0,The Omen
25.929893,1989-02-17,40485039,90.0,Bill & Ted's Excellent Adventure
25.918007,2005-01-14,7022209,103.0,Hard Candy
25.903237,2008-10-15,85416905,100.0,Max Payne
25.894064999999998,2009-08-13,33965843,129.0,The Secret in Their Eyes
25.891466,2013-01-18,0,78.0,"Batman: The Dark Knight Returns, Part 2"
25.881355,2001-08-02,0,101.0,The Others
25.877794,1999-04-29,212404396,112.0,Entrapment
25.876582,1984-12-14,30925690,137.0,Dune
25.848003,2004-02-20,20796847,93.0,EuroTrip
25.838073,2008-08-22,70442940,97.0,The House Bunny
25.825771,2010-02-26,55583804,107.0,Cop Out
25.799697000000002,2010-03-18,18409891,111.0,Repo Men
25.785925,2006-09-08,135330182,143.0,Babel
25.767395,2009-11-20,309208309,129.0,The Blind Side
25.752118,2000-03-15,325756637,130.0,The Perfect Storm
25.722747000000002,2013-08-02,6854611,95.0,The Spectacular Now
25.682509,2012-09-07,28258060,137.0,The Master
25.6713,1996-11-21,150000000,111.0,Star Trek: First Contact
25.666029,1968-10-01,30000000,96.0,Night of the Living Dead
25.633663000000002,1983-06-05,187500000,131.0,Octopussy
25.613197,2012-09-21,44287131,101.0,House at the End of the Street
25.580272,1999-02-26,96618699,123.0,8MM
25.5748,1995-04-26,28215918,91.0,Friday
25.520976,2014-04-22,68896829,90.0,Brick Mansions
25.511217000000002,1995-08-25,25405445,104.0,Desperado
25.496926000000002,2009-10-16,0,99.0,Triangle
25.468493,2007-06-27,709709780,144.0,Transformers
25.454549,2008-07-24,68369434,104.0,The X Files: I Want to Believe
25.450534,2006-01-18,0,93.0,The Pink Panther
25.43954,2001-07-13,141774679,96.0,Legally Blonde
25.41929,2010-02-10,216485654,125.0,Valentine's Day
25.413954999999998,2000-08-17,104155843,107.0,The Cell
25.402697,2011-07-22,1776935,92.0,Another Earth
25.400935,2000-05-26,56932305,110.0,Shanghai Noon
25.391899,2009-03-20,91636986,105.0,"I Love You, Man"
25.349757999999998,2014-04-25,258384,90.0,Blue Ruin
25.329493,2008-02-08,34533783,107.0,In Bruges
25.316146,2000-12-15,73180723,83.0,"Dude, Where’s My Car?"
25.302978,2014-12-17,0,105.0,The Bélier Family
25.30216,2011-08-17,209696,107.0,The Awakening
25.293538,2009-06-18,62357900,97.0,Year One
25.289665,1969-12-12,81974493,142.0,On Her Majesty's Secret Service
25.28436,1987-05-18,299965036,100.0,Beverly Hills Cop II
25.28132,2004-07-10,70067909,95.0,A Cinderella Story
25.281197,2008-03-11,19000000,107.0,The Wave
25.237969,2004-12-10,34808403,119.0,The Life Aquatic with Steve Zissou
25.219804999999997,1996-07-24,152266007,149.0,A Time to Kill
25.186002,2012-06-08,4007792,85.0,Safety Not Guaranteed
25.170217,2000-12-27,207515725,147.0,Traffic
25.159167999999998,2005-12-21,202026112,90.0,Fun with Dick and Jane
25.136082000000002,2016-01-14,124827316,102.0,Ride Along 2
25.112567000000002,2014-10-11,3758328,120.0,Escobar: Paradise Lost
25.060342000000002,2010-08-04,159291809,107.0,Step Up 3D
25.041992,1998-03-20,67200000,108.0,Wild Things
25.039382999999997,2011-08-11,40547440,83.0,30 Minutes or Less
25.03414,1984-02-17,80035402,107.0,Footloose
25.020428,2014-01-10,61279452,99.0,The Legend of Hercules
25.002715,2015-09-03,72629670,96.0,The Transporter Refueled
24.992057,2000-02-03,161834276,116.0,Scream 3
24.961625,1989-08-09,90000098,139.0,The Abyss
24.939295,1999-12-17,93700000,131.0,Bicentennial Man
24.917665,2008-02-03,92380927,99.0,Role Models
24.903418,2010-04-23,23580000,97.0,The Losers
24.898687,1987-12-10,43848069,126.0,Wall Street
24.862767,2008-02-01,151161491,90.0,Vantage Point
24.860326,1997-09-19,126216940,138.0,L.A. Confidential
24.857079000000002,2009-10-15,44091067,94.0,Astro Boy
24.855701,1998-07-10,285444603,127.0,Lethal Weapon 4
24.821138,2015-11-10,34227298,109.0,Victor Frankenstein
24.750909,1987-07-31,32222567,97.0,The Lost Boys
24.70166,2003-02-21,87055349,91.0,Old School
24.697533,2006-08-09,162945894,128.0,World Trade Center
24.694551,2005-08-11,92374674,109.0,Four Brothers
24.672234,2016-07-13,15436808,127.0,The Infiltrator
24.664776,2004-09-17,57958696,107.0,Sky Captain and the World of Tomorrow
24.657931,2010-01-29,74901339,117.0,Edge of Darkness
24.656067999999998,2014-09-10,53830415,83.0,No Good Deed
24.616634,1979-12-06,139000000,132.0,Star Trek: The Motion Picture
24.612603,2012-09-20,37930465,97.0,Killing Them Softly
24.606012,2006-09-06,15304890,96.0,The Fountain
24.598479,2003-12-24,173013509,154.0,Cold Mountain
24.548633,1994-09-27,5887457,127.0,Ed Wood
24.507987,1996-06-21,242295562,115.0,Eraser
24.499996,1969-09-23,102308889,110.0,Butch Cassidy and the Sundance Kid
24.472479999999997,2006-12-19,68673228,141.0,Letters from Iwo Jima
24.459948,2004-09-06,56422687,94.0,Cellular
24.444186,1999-12-22,47434430,118.0,Man on the Moon
24.399642,2010-08-06,170432927,107.0,The Other Guys
24.393296,1970-05-01,18999718,95.0,Beneath the Planet of the Apes
24.389194,2000-05-31,173959438,98.0,Big Momma's House
24.356482999999997,2005-10-21,122489822,97.0,Nanny McPhee
24.353302,2001-10-12,67631903,123.0,Bandits
24.351305,1981-05-22,50244700,99.0,Escape from New York
24.345651,2003-08-03,110230332,97.0,Freaky Friday
24.313684,2000-10-12,55707411,122.0,Pay It Forward
24.287306,2006-02-17,120455994,120.0,Eight Below
24.281951,2007-05-23,0,95.0,Persepolis
24.240361,2005-03-04,21126225,103.0,The Jacket
24.218358,2010-09-15,154026136,125.0,The Town
24.210698,2010-08-06,1755212,89.0,Flipped
24.161735,2015-01-23,52425855,91.0,The Boy Next Door
24.153567000000002,2002-12-19,93354918,101.0,Two Weeks Notice
24.147269,2000-09-13,48814909,129.0,Men of Honor
24.132271,1972-03-20,0,167.0,Solaris
24.13081,2001-10-05,71441250,110.0,The Royal Tenenbaums
24.114459,1990-08-09,61489265,115.0,Flatliners
24.107835,2003-09-26,80916492,104.0,The Rundown
24.100863,2005-06-02,108539911,144.0,Cinderella Man
24.091520000000003,2009-06-26,95714875,109.0,My Sister's Keeper
24.085144,2002-08-07,119723358,100.0,Spy Kids 2: The Island of Lost Dreams
24.054062,2011-01-21,43165571,86.0,Beastly
24.012985999999998,2001-11-17,91753202,106.0,Behind Enemy Lines
24.0034,2004-09-30,11850214,105.0,Layer Cake
23.982956,2000-03-17,47126295,113.0,High Fidelity
23.981601,1971-06-29,4000000,100.0,Willy Wonka & the Chocolate Factory
23.980329,2005-12-16,51053787,80.0,Hoodwinked!
23.962108999999998,1962-06-13,9250000,153.0,Lolita
23.9366,2006-10-18,65900249,132.0,Flags of Our Fathers
23.935053,2009-03-12,106303988,98.0,Race to Witch Mountain
23.917982000000002,2009-08-13,29000000,109.0,Case 39
23.854701000000002,2003-02-07,177371441,116.0,How to Lose a Guy in 10 Days
23.85119,2009-12-10,122233971,134.0,Invictus
23.839126999999998,1998-11-06,185991646,90.0,The Waterboy
23.835055,2010-03-26,93246388,109.0,Nanny McPhee and the Big Bang
23.736535,1993-06-30,270248367,154.0,The Firm
23.700758999999998,2012-03-12,118338361,88.0,The Pirates! In an Adventure with Scientists!
23.672570999999998,1995-01-27,5535405,105.0,Before Sunrise
23.666229,2004-03-25,0,104.0,The Ladykillers
23.663713,2005-03-09,77944725,113.0,Hostage
23.661071,2009-11-19,104945765,91.0,Planet 51
23.657284,2000-06-28,215294342,165.0,The Patriot
23.612409,2009-10-02,31430334,105.0,A Serious Man
23.607392,2002-12-19,177394432,99.0,Hero
23.607070999999998,1995-07-07,113374103,108.0,Species
23.604936,2007-10-12,0,115.0,Elite Squad
23.603514,2004-06-11,46118097,95.0,Napoleon Dynamite
23.531720999999997,2008-12-24,212874442,99.0,Bedtime Stories
23.515938000000002,2012-06-13,59418613,123.0,Rock of Ages
23.496054,2008-06-19,230685453,110.0,Get Smart
23.491962,2006-12-09,57103895,109.0,Smokin' Aces
23.473004,2011-12-14,342695435,87.0,Alvin and the Chipmunks: Chipwrecked
23.465539,2008-10-07,17869048,90.0,City of Ember
23.449703,1999-03-05,75902208,97.0,Cruel Intentions
23.441135,2000-02-18,106371651,98.0,The Whole Nine Yards
23.438398,2004-04-02,57223890,86.0,Walking Tall
23.431117,1961-10-18,43656822,152.0,West Side Story
23.425431,2004-10-22,109502303,126.0,Sideways
23.423082,2001-12-07,66468332,89.0,Not Another Teen Movie
23.419061,2012-08-16,3325038,85.0,Robot & Frank
23.413188,2005-07-08,0,99.0,The Descent
23.380757,1983-10-07,160000000,134.0,Never Say Never Again
23.3784,2011-12-30,114956699,105.0,The Iron Lady
23.343839000000003,2010-08-20,83188165,88.0,Piranha 3D
23.336875,1997-06-13,164508066,121.0,Speed 2: Cruise Control
23.331459,1987-06-29,191185897,130.0,The Living Daylights
23.328823,2011-12-22,64626786,89.0,The Darkest Hour
23.316208,2001-07-01,59217789,90.0,Jeepers Creepers
23.307949,2004-10-08,424760,77.0,Primer
23.299907,2013-04-05,11176469,108.0,Before Midnight
23.292761,2012-10-10,52302796,94.0,Silent Hill: Revelation 3D
23.281616,2000-06-16,20908467,154.0,Amores perros
23.25645,2010-09-02,134748021,133.0,Wall Street: Money Never Sleeps
23.234651,2005-01-14,76669806,136.0,Coach Carter
23.230851,2007-06-08,149044513,85.0,Surf's Up
23.227877,2009-10-06,0,104.0,Splice
23.218144,1995-07-28,110627965,114.0,The Net
23.197408,2007-02-23,77566815,101.0,The Number 23
23.161754000000002,1983-06-03,79567667,114.0,WarGames
23.139971,2010-03-31,0,107.0,The Last Song
23.127561,1999-12-16,100230832,163.0,Any Given Sunday
23.109959,1957-10-02,33300000,161.0,The Bridge on the River Kwai
23.088570999999998,1998-07-10,54682547,110.0,Small Soldiers
23.073933,1995-10-06,30303072,132.0,Assassins
23.05451,2004-10-26,0,133.0,A Very Long Engagement
23.004607,2010-06-04,98159963,100.0,Killers
22.9951,2016-02-19,24804129,134.0,Race
22.991269,1999-07-28,73648228,105.0,Deep Blue Sea
22.987897,2014-04-11,2365467,118.0,Joe
22.977983,2008-07-25,128107642,98.0,Step Brothers
22.975918,2013-09-24,62616646,91.0,Runner Runner
22.939557,2008-02-28,0,115.0,The Other Boleyn Girl
22.894898,2005-10-06,52034889,123.0,Elizabethtown
22.889294,1960-06-15,25000000,125.0,The Apartment
22.888173000000002,2009-11-06,42333295,98.0,The Fourth Kind
22.87623,1995-12-09,4300000,98.0,Four Rooms
22.863516,2010-11-23,89519773,119.0,Burlesque
22.853006,2009-08-06,129540499,123.0,Julie & Julia
22.845143,2010-12-25,237382724,85.0,Gulliver's Travels
22.838834,1983-07-28,61399552,98.0,National Lampoon's Vacation
22.793929000000002,1974-02-07,119500000,93.0,Blazing Saddles
22.789649,2010-10-20,177512032,91.0,Paranormal Activity 2
22.787667000000003,1989-12-22,63408614,104.0,Tango & Cash
22.769108,1996-02-09,150270147,108.0,Broken Arrow
22.748174,2012-03-02,13551174,119.0,Red Lights
22.736038,2014-02-13,30800231,118.0,Winter's Tale
22.71592,2004-04-09,27388767,96.0,Ella Enchanted
22.708647,2010-02-15,6814789,97.0,Centurion
22.644275,2004-03-24,181466833,93.0,Scooby-Doo 2: Monsters Unleashed
22.643776000000003,2004-06-16,72178895,120.0,Around the World in 80 Days
22.636908,2004-12-01,115505027,104.0,Closer
22.622453,2014-12-25,39171130,111.0,The Gambler
22.620125,2003-09-02,119940815,100.0,Intolerable Cruelty
22.585384,1980-07-05,58853106,104.0,The Blue Lagoon
22.583834,1987-09-11,14564027,94.0,Hellraiser
22.581313,2010-06-18,10539000,80.0,Jonah Hex
22.573237,1997-07-15,0,92.0,George of the Jungle
22.572323,2001-07-13,71069884,124.0,The Score
22.57178,2007-08-08,258022233,91.0,Rush Hour 3
22.550135,2006-10-22,64459316,85.0,Flushed Away
22.527210999999998,2007-06-01,219076518,129.0,Knocked Up
22.520842000000002,2012-03-09,29657751,111.0,The Raven
22.503935000000002,2013-01-31,9489829,92.0,Bullet to the Head
22.501041,1996-11-15,129832389,89.0,Jingle All the Way
22.491388,2010-01-12,58785180,102.0,Morning Glory
22.442241,2003-02-21,38955598,130.0,The Life of David Gale
22.434102,1982-06-03,96800000,113.0,Star Trek II: The Wrath of Khan
22.409117000000002,1993-09-30,154864401,98.0,Cool Runnings
22.392544,2002-05-31,193000000,124.0,The Sum of All Fears
22.364549,2006-05-24,60474340,123.0,Marie Antoinette
22.341462,2009-09-15,18469680,85.0,[REC]²
22.332926999999998,2009-07-24,205298907,96.0,The Ugly Truth
22.258428,1986-11-25,133000000,119.0,Star Trek IV: The Voyage Home
22.179658,1997-08-07,136982834,135.0,Conspiracy Theory
22.164202,1983-06-17,75850624,125.0,Superman III
22.14595,2014-10-08,100654149,81.0,"Alexander and the Terrible, Horrible, No Good, Very Bad Day"
22.139842,1962-12-25,13129846,129.0,To Kill a Mockingbird
22.132417999999998,2011-11-11,149673788,91.0,Jack and Jill
22.096286,2014-12-25,15520023,112.0,The Water Diviner
22.07638,2009-01-27,43318349,104.0,Brothers
22.074306,2006-05-12,38159905,103.0,Just My Luck
22.054546,2002-04-11,76578641,112.0,Bend It Like Beckham
22.049787,2007-02-08,84146832,96.0,Premonition
22.030517,1995-10-27,49800000,112.0,Leaving Las Vegas
22.022228,2000-05-17,40031879,140.0,Dancer in the Dark
22.001407999999998,2003-04-18,0,117.0,Holes
21.998734,2003-07-25,197011982,84.0,Spy Kids 3-D: Game Over
21.988861,1998-07-31,65705772,121.0,Ever After: A Cinderella Story
21.959742000000002,2010-01-08,29922472,100.0,Leap Year
21.958054999999998,2012-02-24,81272766,110.0,Act of Valor
21.939663,2009-06-19,836297228,150.0,Transformers: Revenge of the Fallen
21.933822,1970-01-25,89800000,172.0,Patton
21.928025,1999-04-14,2856712,97.0,eXistenZ
21.891078,1998-10-02,71485043,113.0,What Dreams May Come
21.865021,2001-08-22,33788161,104.0,Jay and Silent Bob Strike Back
21.857387,2009-06-19,35097815,92.0,Whatever Works
21.826888,2012-08-28,16800000,115.0,The Hunt
21.825564,2011-10-28,3542353,90.0,Like Crazy
21.815122,1992-02-14,121697323,94.0,Wayne's World
21.801188,2008-10-22,0,116.0,High School Musical 3: Senior Year
21.789614999999998,2008-02-07,111231041,112.0,Fool's Gold
21.75433,2010-05-01,48190704,99.0,Charlie St. Cloud
21.746245000000002,2001-11-02,72700000,87.0,The One
21.743320999999998,2004-10-29,124731534,152.0,Ray
21.735068,1984-03-09,69821334,111.0,Splash
21.729434,2007-09-21,59192128,101.0,Good Luck Chuck
21.723897,2012-06-14,58058367,116.0,That's My Boy
21.685719,2009-04-17,87784194,127.0,State of Play
21.680424,2012-08-30,85446075,92.0,The Possession
21.677732000000002,2009-04-01,0,85.0,Dragonball Evolution
21.661027999999998,1992-07-01,107458785,128.0,A League of Their Own
21.657563,2014-07-02,100525432,97.0,Tammy
21.638673,2014-08-22,266586800,93.0,The Prince
21.637234,1996-08-09,42277365,97.0,Escape from L.A.
21.626288,2009-10-19,0,101.0,A Single Man
21.620317,1988-11-22,60328000,101.0,Scrooged
21.607228,1985-10-31,29999213,87.0,A Nightmare on Elm Street Part 2: Freddy's Revenge
21.606001000000003,2009-09-17,33333531,115.0,The Box
21.605567999999998,2005-04-06,119269486,124.0,Sahara
21.605532999999998,2002-12-13,67312826,117.0,Star Trek: Nemesis
21.589392999999998,2016-06-24,25035950,139.0,Free State of Jones
21.549232,2002-09-27,0,98.0,The Tuxedo
21.547446,2000-09-15,47383689,122.0,Almost Famous
21.543389,2001-03-18,147934180,88.0,Spy Kids
21.538222,2008-03-14,22211426,108.0,Doomsday
21.535126,1998-12-25,40283321,104.0,The Faculty
21.462935,1998-06-22,294456605,85.0,Doctor Dolittle
21.436682,2008-02-14,162839667,95.0,The Spiderwick Chronicles
21.408222,2011-04-08,26121638,102.0,Your Highness
21.394281,2004-07-30,96105964,129.0,The Manchurian Candidate
21.380635,2006-10-06,0,91.0,The Texas Chainsaw Massacre: The Beginning
21.362949,2013-12-25,44907260,113.0,Grudge Match
21.343093,2014-10-09,2450846,112.0,Kill the Messenger
21.312185999999997,1994-07-01,16671505,99.0,Baby's Day Out
21.285206,2010-09-04,7103838,130.0,Incendies
21.276864,2011-09-28,6038942,112.0,We Need to Talk About Kevin
21.272734,1998-04-10,198685114,114.0,City of Angels
21.258991,2011-11-28,136836156,124.0,The Best Exotic Marigold Hotel
21.252797,2001-04-06,105178561,104.0,Along Came a Spider
21.230737,2010-09-10,120000,104.0,Trust
21.219292000000003,2011-12-08,142044638,118.0,New Year's Eve
21.218000000000004,2008-02-10,222231186,88.0,Jumper
21.214571,2010-02-11,0,102.0,The Wolfman
21.204929,2015-04-10,61619773,120.0,Woman in Gold
21.189028,1987-10-21,43984230,163.0,The Last Emperor
21.133748,2006-05-12,181674817,99.0,Poseidon
21.119208999999998,1969-05-25,44785053,113.0,Midnight Cowboy
21.118195999999998,2010-02-12,60222298,128.0,The Ghost Writer
21.095489,2010-03-19,75700498,92.0,Diary of a Wimpy Kid
21.08952,2002-12-06,55003135,96.0,Analyze That
21.084542000000003,1999-10-18,66976317,148.0,The Messenger: The Story of Joan of Arc
21.064082,2004-05-19,92863945,119.0,House of Flying Daggers
21.024345999999998,2015-12-30,5659286,90.0,Anomalisa
21.021809,2001-03-01,147845033,123.0,The Mexican
21.01755,2007-08-17,7000000,104.0,High School Musical 2
21.006078,2011-10-17,35057696,99.0,My Week with Marilyn
20.99174,2010-10-15,117224271,94.0,Jackass 3D
20.982454999999998,2004-03-17,0,96.0,The Chorus
20.975165,2008-11-27,50907234,104.0,Doubt
20.967146,2013-07-25,17385830,85.0,Fruitvale Station
20.953265,2002-12-27,41597830,114.0,The Hours
20.952820000000003,2012-08-06,11947954,87.0,Bachelorette
20.935169000000002,1991-11-27,0,102.0,My Girl
20.913852,1997-04-03,118063304,116.0,The Saint
20.908494,2012-02-23,24159934,98.0,Wanderlust
20.898711,1995-12-13,135000000,136.0,Sense and Sensibility
20.834882999999998,2010-06-11,13831503,100.0,Winter's Bone
20.827779999999997,2007-03-23,22222308,124.0,Reign Over Me
20.825781,1999-09-17,73956241,146.0,The Hurricane
20.821846,2011-08-04,15699707,100.0,Headhunters
20.818567,1982-12-16,177200000,116.0,Tootsie
20.810292,1974-04-07,4420000,113.0,The Conversation
20.793026,1998-11-13,40002112,100.0,I Still Know What You Did Last Summer
20.792603,2009-06-08,22852638,98.0,A Perfect Getaway
20.790703,1998-08-07,103891409,98.0,Snake Eyes
20.786616,1964-10-21,72070731,170.0,My Fair Lady
20.747994,1989-04-21,57469467,103.0,Pet Sematary
20.746932,2006-12-09,0,125.0,The Painted Veil
20.745051999999998,2007-06-08,35619521,93.0,Hostel: Part II
20.716023,1988-06-03,151668774,104.0,Big
20.699212,2007-09-28,147880543,110.0,The Game Plan
20.697556,1999-08-26,19598588,109.0,The Astronaut's Wife
20.69219,2009-10-17,68729358,93.0,The Men Who Stare at Goats
20.679651999999997,2005-08-31,82466670,129.0,The Constant Gardener
20.678787,2011-10-28,554987477,90.0,Puss in Boots
20.652943,1999-11-24,211989043,121.0,End of Days
20.649145,2012-05-24,18112929,88.0,Chernobyl Diaries
20.632673,1997-09-06,43312294,117.0,The Edge
20.624896,2002-08-21,52223306,96.0,One Hour Photo
20.601482999999998,1997-04-04,12021272,113.0,Chasing Amy
20.591479999999997,2014-05-18,3442853,122.0,The Homesman
20.588620000000002,1996-08-02,60209334,107.0,Chain Reaction
20.566554,2014-08-06,160602194,89.0,Into the Storm
20.561682,2013-12-26,74188937,121.0,August: Osage County
20.55509,2016-04-07,78636257,91.0,The Boss
20.544999,2010-05-07,4270000,101.0,Four Lions
20.501582,2008-06-11,163403799,91.0,The Happening
20.495749,2008-09-19,27640028,110.0,Lakeview Terrace
20.466433,2013-07-11,0,86.0,Sharknado
20.452448999999998,2008-10-03,32973937,89.0,Nick and Norah's Infinite Playlist
20.428237,2000-05-18,110000000,110.0,Billy Elliot
20.422245999999998,2011-09-14,0,103.0,Desire
20.415572,2005-09-23,42093706,130.0,Oliver Twist
20.410354,2007-02-09,46,90.0,Death at a Funeral
20.403344,1982-08-13,27092880,90.0,Fast Times at Ridgemont High
20.399577999999998,1977-03-19,7000000,89.0,Eraserhead
20.39955,2009-05-05,754249,161.0,Enter the Void
20.392858,2001-10-26,0,91.0,Thir13en Ghosts
20.374308,2004-12-17,21009180,113.0,Flight of the Phoenix
20.362373,2008-09-12,3983997,91.0,Eden Lake
20.362025,2009-09-30,0,91.0,Little Nicholas
20.360549,2008-12-19,75225693,119.0,Revolutionary Road
20.355458,2011-06-30,36160375,98.0,Larry Crowne
20.344364000000002,2008-01-13,132900000,116.0,Asterix at the Olympic Games
20.334629,1995-05-12,157387195,116.0,Crimson Tide
20.333953,1994-05-24,119208989,104.0,Beverly Hills Cop III
20.331592999999998,2003-08-20,4601043,100.0,Thirteen
20.326337,2012-10-17,142817992,95.0,Paranormal Activity 4
20.317469,2011-09-24,75993061,101.0,The Ides of March
20.311684,2014-09-10,41296320,103.0,This Is Where I Leave You
20.304235000000002,2015-01-29,64110728,83.0,The Lazarus Effect
20.28119,1996-06-26,128769345,95.0,The Nutty Professor
20.27704,2006-01-18,10496317,93.0,Bandidas
20.267062,2013-10-11,8555008,128.0,The Fifth Estate
20.265518,2009-06-19,0,101.0,Exam
20.256570999999997,1977-06-15,50750000,175.0,A Bridge Too Far
20.252143,2006-06-20,60896147,95.0,My Super Ex-Girlfriend
20.239061,2006-07-27,55181129,88.0,The Ant Bully
20.236951,2010-11-22,102820008,112.0,Love & Other Drugs
20.230535,1999-07-30,309457509,116.0,Runaway Bride
20.219385,2006-07-21,42285169,110.0,Lady in the Water
20.199057,2009-07-31,61458982,146.0,Funny People
20.089933,1998-11-06,116672912,116.0,The Siege
20.086645,2010-12-03,0,101.0,All Good Things
20.063164999999998,2011-02-03,108609310,108.0,Sanctum
20.05902,2009-09-13,16633035,111.0,Whip It
20.011435000000002,2011-09-16,27603069,80.0,Carnage
